assumption,status,direction,note
"Threshold counts Chicago employees, not company-wide",unresolvable,understates if company-wide,Proposal never specified; the 175-firm figure supports the Chicago reading
A qualifying firm pays on ALL employees,unresolvable,overstates if only above threshold,Matches the 1973-2013 notch structure
Point-in-time snapshot for a monthly tax,unresolvable,OVERSTATES,Firms crossing mid-year are treated as qualifying all twelve months
Parent rollup misses employers with no shared parent,bounded in section 4,UNDERSTATES,"J.P. Morgan Chase resolves to 86 ids and 1,231 employees: branches only"
Nine firms with doubtful headcounts,bounded in section 6,overstates,Reported both ways; see IMPLAUSIBLE block
Geography factor 0.891 borrowed from Wetmore,borrowed,uncertain,Built for a Census OnTheMap base; may not transfer exactly
Full-time factor 0.807 borrowed from Seattle PSRC,scenario,reduces by 19.3%,Applies only under Reading B
"Perfect compliance, no behavioural response",stated,OVERSTATES,Wetmore states the same caveat
Vendor-modelled employment inside firm totals,measured in section 3,uncertain,Firm sums include small modelled establishments
