sample,year,geo,baseline,n48,n50,n51,n49,base_sum,ratio,lo,hi,se
all_verified,1998,chicago,original,27,569,11,13.0,109.0,0.7155963302752293,0.40262517200720926,1.2718482189042217,0.29342356560045146
all_verified,1998,chicago,skip_51,27,569,11,13.0,108.0,0.7222222222222222,0.4062379395227127,1.2839887354795971,0.2935682819759931
all_verified,1998,cook_ex_chicago,original,31,704,16,21.0,107.0,1.177570093457944,0.7376054807887524,1.8799634237041263,0.2386730860645393
all_verified,1998,cook_ex_chicago,skip_51,31,704,16,21.0,113.0,1.1150442477876108,0.6998682767654,1.7765109747087569,0.23763123772175138
all_verified,1998,illinois_ex_cook,original,76,1319,24,46.0,320.0,0.8624999999999999,0.6331929625327137,1.174849207142864,0.15768364035239232
all_verified,1998,illinois_ex_cook,skip_51,76,1319,24,46.0,338.0,0.8165680473372781,0.6000940228113271,1.1111315070402819,0.15715505183238435
all_verified,1999,chicago,original,28,589,10,13.0,111.0,0.7027027027027027,0.39558911065755314,1.248242368362712,0.29314175057825853
all_verified,1999,chicago,skip_51,28,589,10,13.0,119.0,0.6554621848739496,0.36974408265298514,1.1619676851000524,0.2921068952757102
all_verified,1999,cook_ex_chicago,original,35,685,18,23.0,112.0,1.232142857142857,0.7866758921001515,1.9298621397373195,0.2289253858752599
all_verified,1999,cook_ex_chicago,skip_51,35,685,18,23.0,114.0,1.2105263157894737,0.7733933832396229,1.8947329948448952,0.22858300613590377
all_verified,1999,illinois_ex_cook,original,84,1351,38,47.0,348.0,0.8103448275862069,0.5975688877371303,1.0988837489219863,0.1554032141336583
all_verified,1999,illinois_ex_cook,skip_51,84,1351,38,47.0,352.0,0.8011363636363636,0.5909000405328602,1.0861726673122543,0.15529811600785742
all_verified,2000,chicago,original,27,579,10,13.0,109.0,0.7155963302752293,0.40262517200720926,1.2718482189042217,0.29342356560045146
all_verified,2000,chicago,skip_51,27,579,10,13.0,117.0,0.6666666666666666,0.37588337845413544,1.1823998344174578,0.2923526731023431
all_verified,2000,cook_ex_chicago,original,35,687,17,25.0,113.0,1.3274336283185841,0.860750608056659,2.047143529261442,0.22101936006179163
all_verified,2000,cook_ex_chicago,skip_51,35,687,17,25.0,116.0,1.293103448275862,0.8393421480727851,1.992175100204696,0.22050099694825057
all_verified,2000,illinois_ex_cook,original,80,1364,40,44.0,358.0,0.7374301675977654,0.5391847570866396,1.0085657002278472,0.15975158470781503
all_verified,2000,illinois_ex_cook,skip_51,80,1364,40,44.0,363.0,0.7272727272727273,0.5318835410767468,0.9944387802712451,0.15963111746746575
all_verified,2001,chicago,original,30,613,11,13.0,100.0,0.7799999999999999,0.4376557361493842,1.390133727831082,0.29482719841133537
all_verified,2001,chicago,skip_51,30,613,11,13.0,105.0,0.7428571428571429,0.41747617153750394,1.3218400769115592,0.29401851378252775
all_verified,2001,cook_ex_chicago,original,33,669,15,18.0,117.0,0.9230769230769231,0.5619822588077116,1.5161884428965673,0.25318484177091666
all_verified,2001,cook_ex_chicago,skip_51,33,669,15,18.0,118.0,0.9152542372881355,0.5573759870791233,1.5029178477238037,0.25304175905716036
all_verified,2001,illinois_ex_cook,original,90,1442,31,55.0,367.0,0.899182561307902,0.6772817374927085,1.1937857376066388,0.14459119552083782
all_verified,2001,illinois_ex_cook,skip_51,90,1442,31,55.0,385.0,0.8571428571428571,0.6461751589101701,1.1369887365991362,0.14414999403128945
all_verified,2002,chicago,original,29,572,12,15.0,92.0,0.9782608695652174,0.5668008082568057,1.688413839538671,0.2784532849223689
all_verified,2002,chicago,skip_51,29,572,12,15.0,93.0,0.967741935483871,0.5609369523168735,1.6695716868462354,0.27824333745610097
all_verified,2002,cook_ex_chicago,original,28,668,12,14.0,108.0,0.7777777777777778,0.4457200316764737,1.3572158050191319,0.2840560344154489
all_verified,2002,cook_ex_chicago,skip_51,28,668,12,14.0,112.0,0.75,0.4302925951868847,1.3072500114850802,0.2834733547569204
all_verified,2002,illinois_ex_cook,original,92,1418,37,60.0,359.0,1.0027855153203342,0.7629355864819456,1.3180389112181814,0.13947107939282943
all_verified,2002,illinois_ex_cook,skip_51,92,1418,37,60.0,374.0,0.9625668449197861,0.7329125006297976,1.2641821911110158,0.13906999481595775
all_verified,2003,chicago,original,27,585,13,17.0,93.0,1.096774193548387,0.6540170602803749,1.839269500275772,0.26377304180641303
all_verified,2003,chicago,skip_51,27,585,13,17.0,93.0,1.096774193548387,0.6540170602803749,1.839269500275772,0.26377304180641303
all_verified,2003,cook_ex_chicago,original,31,669,12,16.0,114.0,0.8421052631578947,0.49902075116262484,1.4210657023501745,0.26696803146549475
all_verified,2003,cook_ex_chicago,skip_51,31,669,12,16.0,117.0,0.8205128205128205,0.48662728378110803,1.383484467608967,0.26654644726015114
all_verified,2003,illinois_ex_cook,original,91,1420,34,59.0,354.0,1.0,0.7591048358571247,1.317341100680612,0.14062009564580386
all_verified,2003,illinois_ex_cook,skip_51,91,1420,34,59.0,375.0,0.944,0.717387007227821,1.2421970164243596,0.14005648577998647
all_verified,2004,chicago,original,25,578,13,19.0,87.0,1.3103448275862069,0.7976845869763581,2.1524843217671634,0.25323078766400353
all_verified,2004,chicago,skip_51,25,578,13,19.0,90.0,1.2666666666666666,0.7722410085372546,2.0776472975496514,0.25247314720278574
all_verified,2004,cook_ex_chicago,original,28,667,15,24.0,111.0,1.2972972972972974,0.8344874564168272,2.0167831938437457,0.22511258444537408
all_verified,2004,cook_ex_chicago,skip_51,28,667,15,24.0,113.0,1.2743362831858407,0.8202874221879832,1.9797121334767345,0.22475814598984073
all_verified,2004,illinois_ex_cook,original,95,1474,36,59.0,357.0,0.9915966386554622,0.7528503788254773,1.3060548569116779,0.1405356644789932
all_verified,2004,illinois_ex_cook,skip_51,95,1474,36,59.0,382.0,0.9267015706806283,0.7044821585043495,1.219017104599451,0.13988192731548024
all_verified,2005,chicago,original,23,574,12,19.0,83.0,1.3734939759036144,0.8343405438171017,2.2610500182729476,0.25432218094073655
all_verified,2005,chicago,skip_51,23,574,12,19.0,87.0,1.3103448275862069,0.7976845869763581,2.1524843217671634,0.25323078766400353
all_verified,2005,cook_ex_chicago,original,28,674,16,22.0,110.0,1.2000000000000002,0.7592411568262635,1.8966305857540788,0.2335496832484569
all_verified,2005,cook_ex_chicago,skip_51,28,674,16,22.0,111.0,1.1891891891891893,0.7526598594618341,1.8788977649154823,0.23337427978154418
all_verified,2005,illinois_ex_cook,original,81,1476,40,65.0,338.0,1.1538461538461537,0.8848335065965371,1.504645717889423,0.1354370527819924
all_verified,2005,illinois_ex_cook,skip_51,81,1476,40,65.0,359.0,1.0863509749303621,0.834120803593143,1.4148531431519016,0.13479662720168353
all_verified,2006,chicago,original,20,579,12,19.0,81.0,1.4074074074074074,0.853963186407542,2.3195327877751555,0.25490637096729085
all_verified,2006,chicago,skip_51,20,579,12,19.0,83.0,1.3734939759036144,0.8343405438171017,2.2610500182729476,0.25432218094073655
all_verified,2006,cook_ex_chicago,original,22,657,14,25.0,101.0,1.4851485148514854,0.9585626066777836,2.3010141390868974,0.2233852951718396
all_verified,2006,cook_ex_chicago,skip_51,22,657,14,25.0,105.0,1.4285714285714286,0.923575812593556,2.209690096581955,0.22253945610567472
all_verified,2006,illinois_ex_cook,original,83,1533,35,61.0,336.0,1.0892857142857142,0.8292277011424085,1.43090174835243,0.13917482925853114
all_verified,2006,illinois_ex_cook,skip_51,83,1533,35,61.0,360.0,1.0166666666666666,0.7750306953940039,1.3336389348884459,0.1384601762266992
all_verified,2007,chicago,original,19,587,13,20.0,80.0,1.5,0.9189395912766242,2.4484743299330685,0.25
all_verified,2007,chicago,skip_51,19,587,13,20.0,82.0,1.4634146341463414,0.8975998408682633,2.385898809164318,0.24938949847822284
all_verified,2007,cook_ex_chicago,original,21,696,13,32.0,110.0,1.7454545454545456,1.177446482548138,2.587473499139167,0.2008504645025973
all_verified,2007,cook_ex_chicago,skip_51,21,696,13,32.0,112.0,1.7142857142857142,1.1573379244738538,2.5392544805270254,0.20044593143431827
all_verified,2007,illinois_ex_cook,original,93,1591,32,64.0,347.0,1.1066282420749278,0.8476221170121565,1.4447783293746708,0.1360398632034135
all_verified,2007,illinois_ex_cook,skip_51,93,1591,32,64.0,371.0,1.0350404312668464,0.7938575290803807,1.3494974288372417,0.1353529378689558
all_verified,2008,chicago,original,24,623,11,27.0,71.0,2.2816901408450705,1.4648590264676837,3.5540006272026403,0.22610073878537099
all_verified,2008,chicago,skip_51,24,623,11,27.0,73.0,2.219178082191781,1.4271153086867314,3.4508433414622077,0.22524579279982865
all_verified,2008,cook_ex_chicago,original,21,749,15,30.0,112.0,1.607142857142857,1.0741472069113749,2.404612837650301,0.20557700445795188
all_verified,2008,cook_ex_chicago,skip_51,21,749,15,30.0,109.0,1.6513761467889907,1.1024205648561338,2.4736867808153904,0.2061738229260418
all_verified,2008,illinois_ex_cook,original,84,1685,35,60.0,337.0,1.0682492581602374,0.8117060793098795,1.4058740061798232,0.14012146772394218
all_verified,2008,illinois_ex_cook,skip_51,84,1685,35,60.0,354.0,1.0169491525423728,0.7734977590483206,1.3370246607166245,0.1396120532895667
all_verified,2009,chicago,original,25,604,11,27.0,71.0,2.2816901408450705,1.4648590264676837,3.5540006272026403,0.22610073878537099
all_verified,2009,chicago,skip_51,25,604,11,27.0,72.0,2.25,1.4457402275934705,3.5016664151532004,0.22566773346211
all_verified,2009,cook_ex_chicago,original,16,730,19,24.0,106.0,1.3584905660377358,0.8722383287032318,2.1158169244376728,0.2260544822179326
all_verified,2009,cook_ex_chicago,skip_51,16,730,19,24.0,99.0,1.4545454545454546,0.9312236818007831,2.2719594880228313,0.2275251123891092
all_verified,2009,illinois_ex_cook,original,72,1698,33,55.0,310.0,1.064516129032258,0.7991121355428095,1.4180670503772075,0.1463134465229737
all_verified,2009,illinois_ex_cook,skip_51,72,1698,33,55.0,321.0,1.02803738317757,0.7723005716440762,1.3684579553796483,0.1459352013029275
all_verified,2010,chicago,original,24,600,12,30.0,70.0,2.5714285714285716,1.6765775517449435,3.9438944479945537,0.21821789023599236
all_verified,2010,chicago,skip_51,24,600,12,30.0,69.0,2.608695652173913,1.6992967549590547,4.004770200267377,0.21869176243407465
all_verified,2010,cook_ex_chicago,original,18,703,18,23.0,101.0,1.3663366336633664,0.8687462024302081,2.148931173763051,0.2310395008836695
all_verified,2010,cook_ex_chicago,skip_51,18,703,18,23.0,96.0,1.4375,0.9120011614686617,2.2657934411753553,0.23215281074376826
all_verified,2010,illinois_ex_cook,original,67,1654,31,57.0,292.0,1.1712328767123288,0.8818255227626046,1.5556211700408387,0.14480510068146557
all_verified,2010,illinois_ex_cook,skip_51,67,1654,31,57.0,304.0,1.125,0.8477931530397581,1.4928464513568052,0.14433756729740643
all_verified,2011,chicago,original,21,564,10,30.0,66.0,2.727272727272727,1.7713187274478264,4.199140681836834,0.2201927530252721
all_verified,2011,chicago,skip_51,21,564,10,30.0,67.0,2.6865671641791047,1.7466402578203066,4.132300910464818,0.2196786436312408
all_verified,2011,cook_ex_chicago,original,15,675,16,25.0,95.0,1.5789473684210527,1.016320179412166,2.453040727466169,0.22478059477960655
all_verified,2011,cook_ex_chicago,skip_51,15,675,16,25.0,92.0,1.6304347826086956,1.04789436394103,2.536818282276648,0.2255428234668337
all_verified,2011,illinois_ex_cook,original,65,1562,31,48.0,286.0,1.006993006993007,0.7417428858579127,1.367097596035543,0.15598024499864344
all_verified,2011,illinois_ex_cook,skip_51,65,1562,31,48.0,300.0,0.96,0.7078547392276778,1.301962039564126,0.15545631755148026
all_verified,2012,chicago,original,19,543,12,31.0,67.0,2.7761194029850746,1.813589037031803,4.249495769032409,0.21721748928310858
all_verified,2012,chicago,skip_51,19,543,12,31.0,65.0,2.8615384615384616,1.8655319146032872,4.3893124008040365,0.21827203187936015
all_verified,2012,cook_ex_chicago,original,17,648,17,25.0,96.0,1.5625,1.0062146769762226,2.426327408915038,0.22453655975512465
all_verified,2012,cook_ex_chicago,skip_51,17,648,17,25.0,90.0,1.6666666666666667,1.0700585838126604,2.5959118685637264,0.22607766610417562
all_verified,2012,illinois_ex_cook,original,65,1612,31,52.0,286.0,1.090909090909091,0.8118255996080274,1.4659338720073687,0.15075567228888181
all_verified,2012,illinois_ex_cook,skip_51,65,1612,31,52.0,301.0,1.036544850498339,0.7722450747111372,1.3913008477218438,0.15017665719738824
all_verified,2013,chicago,original,18,552,13,34.0,72.0,2.8333333333333335,1.884384451360604,4.26015921113199,0.20808809094893257
all_verified,2013,chicago,skip_51,18,552,13,34.0,70.0,2.9142857142857146,1.9346133534331693,4.390056136756211,0.20903941970737633
all_verified,2013,cook_ex_chicago,original,16,646,17,25.0,90.0,1.6666666666666667,1.0700585838126604,2.5959118685637264,0.22607766610417562
all_verified,2013,cook_ex_chicago,skip_51,16,646,17,25.0,83.0,1.8072289156626504,1.1556221478867366,2.8262493580447625,0.22814073018881206
all_verified,2013,illinois_ex_cook,original,68,1572,34,57.0,286.0,1.1958041958041958,0.8998880714296,1.589028369307357,0.1450529666901932
all_verified,2013,illinois_ex_cook,skip_51,68,1572,34,57.0,299.0,1.1438127090301002,0.8616486362656564,1.5183770486876396,0.14452799470854766
all_verified,2014,chicago,original,16,546,27,35.0,82.0,2.5609756097560976,1.724004893583224,3.804279267522281,0.20190728199509814
all_verified,2014,chicago,skip_51,16,546,27,35.0,67.0,3.1343283582089554,2.0826466832452564,4.717081555938575,0.2085588686816193
all_verified,2014,cook_ex_chicago,original,15,635,19,29.0,87.0,2.0,1.3137413604070656,3.044739338008352,0.21442250696755896
all_verified,2014,cook_ex_chicago,skip_51,15,635,19,29.0,79.0,2.2025316455696204,1.4391501041686137,3.3708406341241877,0.21711975144788398
all_verified,2014,illinois_ex_cook,original,64,1560,50,63.0,285.0,1.3263157894736841,1.009582395998054,1.7424170433044996,0.1392184894431786
all_verified,2014,illinois_ex_cook,skip_51,64,1560,50,63.0,283.0,1.335689045936396,1.016539854858298,1.755037167414525,0.1393075187404094
all_verified,2015,chicago,original,14,495,58,35.0,108.0,1.9444444444444444,1.3281063060186336,2.8468084071259714,0.19450112552550392
all_verified,2015,chicago,skip_51,14,495,58,35.0,59.0,3.559322033898305,2.3429088435876966,5.407283930686041,0.21335552749765227
all_verified,2015,cook_ex_chicago,original,17,604,42,25.0,114.0,1.3157894736842106,0.8534940040533496,2.028487524031807,0.22084367734794086
all_verified,2015,cook_ex_chicago,skip_51,17,604,42,25.0,81.0,1.8518518518518519,1.182645938319882,2.8997311622099033,0.22879178091082222
all_verified,2015,illinois_ex_cook,original,57,1529,98,64.0,326.0,1.1779141104294477,0.901020802126713,1.5398996874143998,0.1367204617552789
all_verified,2015,illinois_ex_cook,skip_51,57,1529,98,64.0,276.0,1.391304347826087,1.060049409056384,1.826073173327727,0.1387378405691724
all_verified,2016,chicago,original,14,493,62,34.0,111.0,1.837837837837838,1.2515789631416745,2.698709404407048,0.1960121774658181
all_verified,2016,chicago,skip_51,14,493,62,34.0,57.0,3.5789473684210527,2.340469370076662,5.47277585842041,0.21669246492438346
all_verified,2016,cook_ex_chicago,original,17,599,51,28.0,116.0,1.4482758620689655,0.9585617388422445,2.1881772322615127,0.21055872190307892
all_verified,2016,cook_ex_chicago,skip_51,17,599,51,28.0,77.0,2.1818181818181817,1.415692047573823,3.362546668726811,0.2206837073761874
all_verified,2016,illinois_ex_cook,original,53,1508,110,62.0,336.0,1.1071428571428572,0.8443976661160763,1.4516445927195964,0.13822164350873198
all_verified,2016,illinois_ex_cook,skip_51,53,1508,110,62.0,274.0,1.3576642335766425,1.0305760462206786,1.7885649272490016,0.1406366498981004
all_verified,2017,chicago,original,9,459,64,34.0,108.0,1.8888888888888888,1.2847392199960248,2.7771404336663283,0.19664949520693312
all_verified,2017,chicago,skip_51,9,459,64,34.0,52.0,3.9230769230769234,2.5461877661608225,6.044539506834862,0.22055052468006414
all_verified,2017,cook_ex_chicago,original,15,591,49,27.0,110.0,1.4727272727272729,0.9667248024513685,2.2435812284270216,0.21477417472300092
all_verified,2017,cook_ex_chicago,skip_51,15,591,49,27.0,70.0,2.3142857142857145,1.48449166236856,3.607914078009289,0.22654525226265793
all_verified,2017,illinois_ex_cook,original,52,1492,107,62.0,327.0,1.1376146788990826,0.8671347541552479,1.4924637162160854,0.13851763870929826
all_verified,2017,illinois_ex_cook,skip_51,52,1492,107,62.0,270.0,1.3777777777777778,1.0454501427639569,1.8157457034915399,0.1408287469296245
all_verified,2018,chicago,original,9,434,60,31.0,103.0,1.8058252427184465,1.2086402832323897,2.698077213277965,0.20485800540912893
all_verified,2018,chicago,skip_51,9,434,60,31.0,51.0,3.6470588235294117,2.333919211475045,5.699013914829313,0.22774087830994227
all_verified,2018,cook_ex_chicago,original,14,580,47,24.0,109.0,1.3211009174311925,0.849188332857378,2.0552656772436655,0.2254794416200115
all_verified,2018,cook_ex_chicago,skip_51,14,580,47,24.0,71.0,2.028169014084507,1.2767839384290545,3.2217428696304746,0.2361168645161124
all_verified,2018,illinois_ex_cook,original,55,1473,102,69.0,321.0,1.2897196261682242,0.9943582165520702,1.6728143705507361,0.1326952087330066
all_verified,2018,illinois_ex_cook,skip_51,55,1473,102,69.0,268.0,1.5447761194029852,1.1856433624814247,2.0126906071345148,0.13499665516882445
all_verified,2019,chicago,original,9,434,60,30.0,103.0,1.7475728155339805,1.163688652804745,2.6244225534317347,0.2074658313973918
all_verified,2019,chicago,skip_51,9,434,60,30.0,52.0,3.4615384615384617,2.2085730464466877,5.425334941938175,0.22926862533740322
all_verified,2019,cook_ex_chicago,original,15,574,43,22.0,105.0,1.2571428571428571,0.793954825377288,1.990551745200736,0.2344746361088017
all_verified,2019,cook_ex_chicago,skip_51,15,574,43,22.0,70.0,1.885714285714286,1.1679464029991915,3.044590366660345,0.24441820664643568
all_verified,2019,illinois_ex_cook,original,54,1475,96,67.0,303.0,1.3267326732673268,1.018279235536508,1.72862170305147,0.1350026042983307
all_verified,2019,illinois_ex_cook,skip_51,54,1475,96,67.0,250.0,1.608,1.227960802479367,2.105656788701483,0.13756952109507525
all_verified,2020,chicago,original,10,411,56,31.0,99.0,1.878787878787879,1.2551222086829623,2.8123507568113464,0.2058132032138345
all_verified,2020,chicago,skip_51,10,411,56,31.0,47.0,3.9574468085106385,2.514572804175055,6.228248876384791,0.2313755826806491
all_verified,2020,cook_ex_chicago,original,15,547,40,23.0,103.0,1.3398058252427183,0.8525729402086105,2.105485131764908,0.23062306635209515
all_verified,2020,cook_ex_chicago,skip_51,15,547,40,23.0,71.0,1.9436619718309858,1.2144919773532425,3.110619033462016,0.23992242061095237
all_verified,2020,illinois_ex_cook,original,48,1414,90,70.0,287.0,1.4634146341463414,1.1269288253161016,1.9003705853676782,0.133304294166413
all_verified,2020,illinois_ex_cook,skip_51,48,1414,90,70.0,241.0,1.7427385892116183,1.3355417789600437,2.274086695133006,0.13577588843043997
all_verified,2021,chicago,original,9,405,52,28.0,95.0,1.768421052631579,1.160227353106255,2.695431210975922,0.21503627950594614
all_verified,2021,chicago,skip_51,9,405,52,28.0,49.0,3.428571428571429,2.155054925372782,5.45466470595079,0.2369017707396714
all_verified,2021,cook_ex_chicago,original,13,522,40,24.0,104.0,1.3846153846153848,0.8883138205066965,2.1582009860209728,0.22645540682891915
all_verified,2021,cook_ex_chicago,skip_51,13,522,40,24.0,71.0,2.028169014084507,1.2767839384290545,3.2217428696304746,0.2361168645161124
all_verified,2021,illinois_ex_cook,original,47,1399,90,74.0,282.0,1.574468085106383,1.218861326735814,2.0338242724111537,0.1306124527152509
all_verified,2021,illinois_ex_cook,skip_51,47,1399,90,74.0,235.0,1.8893617021276596,1.4549499040503604,2.4534780417726116,0.1332997849302454
all_verified,2022,chicago,original,9,401,52,32.0,94.0,2.042553191489362,1.3675962338208536,3.050625204200355,0.20466630859118076
all_verified,2022,chicago,skip_51,9,401,52,32.0,49.0,3.918367346938776,2.5097867811078505,6.1174928408774045,0.2272843225242474
all_verified,2022,cook_ex_chicago,original,14,527,39,25.0,100.0,1.5,0.9677280072046165,2.3250334631725296,0.22360679774997896
all_verified,2022,cook_ex_chicago,skip_51,14,527,39,25.0,68.0,2.205882352941176,1.394725374018414,3.4887993333037737,0.23389288649495343
all_verified,2022,illinois_ex_cook,original,45,1383,85,78.0,270.0,1.7333333333333334,1.3472898972551377,2.2299910736104107,0.12854655391809042
all_verified,2022,illinois_ex_cook,skip_51,45,1383,85,78.0,226.0,2.0707964601769913,1.6008640117306543,2.6786772318316365,0.1313213294997228
all_verified,2023,chicago,original,9,386,48,36.0,88.0,2.4545454545454546,1.66557679243562,3.6172414359949907,0.1978418917757666
all_verified,2023,chicago,skip_51,9,386,48,36.0,47.0,4.595744680851064,2.977326219262045,7.093904938910534,0.22148221942733604
all_verified,2023,cook_ex_chicago,original,11,497,38,25.0,96.0,1.5625,1.0062146769762226,2.426327408915038,0.22453655975512465
all_verified,2023,cook_ex_chicago,skip_51,11,497,38,25.0,66.0,2.272727272727273,1.4343145958210175,3.6012247740124814,0.23484359721209166
all_verified,2023,illinois_ex_cook,original,47,1349,82,80.0,264.0,1.8181818181818181,1.4157989650315805,2.33492551246017,0.12762397418933008
all_verified,2023,illinois_ex_cook,skip_51,47,1349,82,80.0,224.0,2.142857142857143,1.6600635697138335,2.7660607813262423,0.13024701806293193
all_verified,2024,chicago,original,9,388,45,35.0,85.0,2.4705882352941178,1.6666450624441398,3.6623312101152803,0.2008385781013735
all_verified,2024,chicago,skip_51,9,388,45,35.0,48.0,4.375,2.8299350274123913,6.763627014257504,0.22227181986199218
all_verified,2024,cook_ex_chicago,original,10,487,37,25.0,92.0,1.6304347826086956,1.04789436394103,2.536818282276648,0.2255428234668337
all_verified,2024,cook_ex_chicago,skip_51,10,487,37,25.0,63.0,2.380952380952381,1.4981126535751146,3.7840507032861628,0.23637473611411156
all_verified,2024,illinois_ex_cook,original,45,1328,78,78.0,259.0,1.8069498069498071,1.4028313962986534,2.32748398235937,0.12915694592826465
all_verified,2024,illinois_ex_cook,skip_51,45,1328,78,78.0,219.0,2.136986301369863,1.650294024594266,2.7672101965982687,0.13185872313265787
all_verified,2025,chicago,original,8,378,45,35.0,83.0,2.5301204819277108,1.7044499454095228,3.7557627728000194,0.20154310045871804
all_verified,2025,chicago,skip_51,8,378,45,35.0,46.0,4.565217391304348,2.9412593286911237,7.085811722403316,0.22430015382565205
all_verified,2025,cook_ex_chicago,original,9,485,36,22.0,90.0,1.4666666666666666,0.920199259928153,2.3376579451705544,0.23783535600422526
all_verified,2025,cook_ex_chicago,skip_51,9,485,36,22.0,61.0,2.1639344262295084,1.3290848810110598,3.5231852140693083,0.24869255734238666
all_verified,2025,illinois_ex_cook,original,43,1296,79,78.0,260.0,1.7999999999999998,1.397593393717212,2.3182708322500685,0.12909944487358055
all_verified,2025,illinois_ex_cook,skip_51,43,1296,79,78.0,220.0,2.1272727272727274,1.6430461988519134,2.7542069476563813,0.13177999607667076
recent_verified,2003,chicago,original,25,560,13,16.0,88.0,1.090909090909091,0.640392004319507,1.858365870593129,0.2717786532523045
recent_verified,2003,chicago,skip_51,25,560,13,16.0,87.0,1.103448275862069,0.6474479553949357,1.8806115416029878,0.27201884654112335
recent_verified,2003,cook_ex_chicago,original,27,580,8,15.0,93.0,0.967741935483871,0.5609369523168735,1.6695716868462354,0.27824333745610097
recent_verified,2003,cook_ex_chicago,skip_51,27,580,8,15.0,96.0,0.9375,0.5440518766030227,1.6154824342997531,0.2776388541492947
recent_verified,2003,illinois_ex_cook,original,68,1224,27,51.0,263.0,1.1634980988593155,0.862037821477007,1.5703810115080308,0.15300367481232663
recent_verified,2003,illinois_ex_cook,skip_51,68,1224,27,51.0,275.0,1.1127272727272726,0.8252997765319496,1.5002572624871435,0.15246050889859492
recent_verified,2004,chicago,original,22,529,13,19.0,81.0,1.4074074074074074,0.853963186407542,2.3195327877751555,0.25490637096729085
recent_verified,2004,chicago,skip_51,22,529,13,19.0,82.0,1.3902439024390245,0.8440376922635742,2.289919189610462,0.2546108813436455
recent_verified,2004,cook_ex_chicago,original,25,592,12,23.0,95.0,1.4526315789473683,0.9211749092291096,2.29070340823873,0.23238884796615972
recent_verified,2004,cook_ex_chicago,skip_51,25,592,12,23.0,96.0,1.4375,0.9120011614686617,2.2657934411753553,0.23215281074376826
recent_verified,2004,illinois_ex_cook,original,88,1318,33,51.0,312.0,0.9807692307692307,0.7294563338401878,1.3186646539344564,0.15103963500479967
recent_verified,2004,illinois_ex_cook,skip_51,88,1318,33,51.0,333.0,0.918918918918919,0.6843534924241947,1.2338827651130158,0.15036903318256026
recent_verified,2005,chicago,original,2,46,0,2.0,4.0,3.0,0.5494719775273402,16.379361219657806,0.8660254037844386
recent_verified,2005,chicago,skip_51,2,46,0,2.0,5.0,2.4,0.46562023909970934,12.370596284940559,0.8366600265340756
recent_verified,2005,cook_ex_chicago,original,11,351,10,11.0,56.0,1.1785714285714286,0.6174855685843926,2.2494948593362265,0.329797261611181
recent_verified,2005,cook_ex_chicago,skip_51,11,351,10,11.0,50.0,1.3199999999999998,0.6872154767354518,2.535449300817694,0.3330301651638946
recent_verified,2005,illinois_ex_cook,original,77,1263,36,55.0,296.0,1.114864864864865,0.8360546813793265,1.4866535581854203,0.14683390807370264
recent_verified,2005,illinois_ex_cook,skip_51,77,1263,36,55.0,314.0,1.0509554140127388,0.7891496425473247,1.3996170342007737,0.14617295084116746
recent_verified,2006,chicago,original,20,574,12,19.0,81.0,1.4074074074074074,0.853963186407542,2.3195327877751555,0.25490637096729085
recent_verified,2006,chicago,skip_51,20,574,12,19.0,82.0,1.3902439024390245,0.8440376922635742,2.289919189610462,0.2546108813436455
recent_verified,2006,cook_ex_chicago,original,18,544,10,23.0,76.0,1.8157894736842106,1.138911118150135,2.8949505893819443,0.23798351961093298
recent_verified,2006,cook_ex_chicago,skip_51,18,544,10,23.0,82.0,1.6829268292682928,1.05978744690031,2.6724629744906268,0.23595207738179533
recent_verified,2006,illinois_ex_cook,original,63,1305,19,53.0,262.0,1.2137404580152673,0.9034834550404969,1.630539985214316,0.1506144694955689
recent_verified,2006,illinois_ex_cook,skip_51,63,1305,19,53.0,291.0,1.092783505154639,0.8154698318505577,1.464402167310222,0.1493464115576279
recent_verified,2007,chicago,original,18,580,13,20.0,79.0,1.518987341772152,0.9299950915236047,2.481005077869774,0.2503162556609164
recent_verified,2007,chicago,skip_51,18,580,13,20.0,80.0,1.5,0.9189395912766242,2.4484743299330685,0.25
recent_verified,2007,cook_ex_chicago,original,21,687,13,32.0,110.0,1.7454545454545456,1.177446482548138,2.587473499139167,0.2008504645025973
recent_verified,2007,cook_ex_chicago,skip_51,21,687,13,32.0,112.0,1.7142857142857142,1.1573379244738538,2.5392544805270254,0.20044593143431827
recent_verified,2007,illinois_ex_cook,original,91,1521,32,63.0,338.0,1.1183431952662721,0.8546022761157926,1.463477850869795,0.13722826150131276
recent_verified,2007,illinois_ex_cook,skip_51,91,1521,32,63.0,359.0,1.0529247910863508,0.8056089629200115,1.3761646986471188,0.1365962341843659
recent_verified,2008,chicago,original,23,615,11,27.0,70.0,2.3142857142857145,1.48449166236856,3.607914078009289,0.22654525226265793
recent_verified,2008,chicago,skip_51,23,615,11,27.0,71.0,2.2816901408450705,1.4648590264676837,3.5540006272026403,0.22610073878537099
recent_verified,2008,cook_ex_chicago,original,8,447,10,12.0,54.0,1.3333333333333333,0.7133115686897918,2.4922878806566864,0.3191423692521127
recent_verified,2008,cook_ex_chicago,skip_51,8,447,10,12.0,50.0,1.44,0.766892429262708,2.703899426929489,0.32145502536643183
recent_verified,2008,illinois_ex_cook,original,68,1458,24,47.0,279.0,1.010752688172043,0.7420459556194959,1.3767624348738785,0.15767315921031663
recent_verified,2008,illinois_ex_cook,skip_51,68,1458,24,47.0,292.0,0.9657534246575343,0.7097143416446482,1.3141620825590499,0.15716632361586697
recent_verified,2009,chicago,original,25,594,11,27.0,70.0,2.3142857142857145,1.48449166236856,3.607914078009289,0.22654525226265793
recent_verified,2009,chicago,skip_51,25,594,11,27.0,70.0,2.3142857142857145,1.48449166236856,3.607914078009289,0.22654525226265793
recent_verified,2009,cook_ex_chicago,original,15,724,18,23.0,104.0,1.326923076923077,0.8447102934248311,2.084412686546348,0.23042058390028838
recent_verified,2009,cook_ex_chicago,skip_51,15,724,18,23.0,98.0,1.4081632653061225,0.8941917704575668,2.2175598649749584,0.23169450252912405
recent_verified,2009,illinois_ex_cook,original,67,1648,32,53.0,296.0,1.0743243243243243,0.8020006303689583,1.4391170157858129,0.14915194570195947
recent_verified,2009,illinois_ex_cook,skip_51,67,1648,32,53.0,304.0,1.0460526315789473,0.781352098159474,1.400426402656065,0.1488536133673362
recent_verified,2010,chicago,original,9,198,5,11.0,25.0,2.6399999999999997,1.2990383171978168,5.365199707914907,0.36181361349331637
recent_verified,2010,chicago,skip_51,9,198,5,11.0,23.0,2.869565217391304,1.3988444021861666,5.886576465540389,0.3665888047644883
recent_verified,2010,cook_ex_chicago,original,14,584,13,15.0,82.0,1.0975609756097562,0.6329755620925416,1.9031383947889613,0.28082341180515236
recent_verified,2010,cook_ex_chicago,skip_51,14,584,13,15.0,80.0,1.125,0.6481106963378828,1.9527914091703025,0.2813657169355689
recent_verified,2010,illinois_ex_cook,original,61,1391,24,44.0,252.0,1.0476190476190477,0.7605451551037583,1.443051292312173,0.16338765772091446
recent_verified,2010,illinois_ex_cook,skip_51,61,1391,24,44.0,262.0,1.0076335877862597,0.732182514596089,1.3867108637456573,0.1629234992884774
recent_verified,2011,chicago,original,20,556,10,29.0,65.0,2.6769230769230767,1.7280270958732682,4.146877775745742,0.2233100400906888
recent_verified,2011,chicago,skip_51,20,556,10,29.0,65.0,2.6769230769230767,1.7280270958732682,4.146877775745742,0.2233100400906888
recent_verified,2011,cook_ex_chicago,original,15,666,15,25.0,94.0,1.5957446808510638,1.0266310293137255,2.4803468955800625,0.22502954888711932
recent_verified,2011,cook_ex_chicago,skip_51,15,666,15,25.0,92.0,1.6304347826086956,1.04789436394103,2.536818282276648,0.2255428234668337
recent_verified,2011,illinois_ex_cook,original,64,1499,30,44.0,274.0,0.9635036496350365,0.7008215440155199,1.3246443274858526,0.16240969110175993
recent_verified,2011,illinois_ex_cook,skip_51,64,1499,30,44.0,284.0,0.9295774647887324,0.6766698791690113,1.2770100896233594,0.1620135780971339
recent_verified,2012,chicago,original,18,538,12,31.0,66.0,2.8181818181818183,1.8391924847248085,4.318280346561406,0.21773740989468066
recent_verified,2012,chicago,skip_51,18,538,12,31.0,64.0,2.90625,1.8926396304159567,4.462703267311225,0.21882199276153444
recent_verified,2012,cook_ex_chicago,original,15,550,13,22.0,82.0,1.6097560975609757,1.0054949526225525,2.5771533580313073,0.24010345146574832
recent_verified,2012,cook_ex_chicago,skip_51,15,550,13,22.0,79.0,1.6708860759493671,1.0417113453570186,2.6800709152732125,0.24106591070212877
recent_verified,2012,illinois_ex_cook,original,41,1083,24,44.0,180.0,1.4666666666666666,1.0548190819344965,2.039317592895701,0.16817499303650435
recent_verified,2012,illinois_ex_cook,skip_51,41,1083,24,44.0,182.0,1.4505494505494505,1.0435990632829197,2.0161897250753786,0.16799338743467918
recent_verified,2013,chicago,original,17,458,11,30.0,63.0,2.857142857142857,1.8497399144222488,4.413196278284441,0.22182504188289745
recent_verified,2013,chicago,skip_51,17,458,11,30.0,60.0,3.0,1.935456014409233,4.650066926345059,0.22360679774997896
recent_verified,2013,cook_ex_chicago,original,13,620,15,23.0,82.0,1.6829268292682928,1.05978744690031,2.6724629744906268,0.23595207738179533
recent_verified,2013,cook_ex_chicago,skip_51,13,620,15,23.0,76.0,1.8157894736842106,1.138911118150135,2.8949505893819443,0.23798351961093298
recent_verified,2013,illinois_ex_cook,original,56,1401,28,50.0,246.0,1.2195121951219512,0.8997825858447391,1.652854831208951,0.15512910961649495
recent_verified,2013,illinois_ex_cook,skip_51,56,1401,28,50.0,257.0,1.1673151750972761,0.8622193964274082,1.5803688987494335,0.15456730114632133
recent_verified,2014,chicago,original,16,508,22,32.0,76.0,2.5263157894736845,1.6715104668920706,3.818265930461654,0.21073180760588114
recent_verified,2014,chicago,skip_51,16,508,22,32.0,66.0,2.909090909090909,1.9072011787517156,4.437292725927516,0.21541010921383227
recent_verified,2014,cook_ex_chicago,original,15,591,18,26.0,84.0,1.8571428571428572,1.1962210133388738,2.883229397726425,0.22442437560635067
recent_verified,2014,cook_ex_chicago,skip_51,15,591,18,26.0,77.0,2.0259740259740258,1.2988484081393692,3.1601615155392127,0.2268227313312126
recent_verified,2014,illinois_ex_cook,original,60,1446,45,52.0,258.0,1.2093023255813953,0.8977227042851466,1.6290243163907552,0.15200900704569217
recent_verified,2014,illinois_ex_cook,skip_51,60,1446,45,52.0,258.0,1.2093023255813953,0.8977227042851466,1.6290243163907552,0.15200900704569217
recent_verified,2015,chicago,original,13,460,28,30.0,75.0,2.4,1.5715467807978032,3.6651788355138297,0.21602468994692867
recent_verified,2015,chicago,skip_51,13,460,28,30.0,55.0,3.272727272727273,2.0975362801972466,5.106344954684495,0.2269694946796849
recent_verified,2015,cook_ex_chicago,original,16,516,23,20.0,84.0,1.4285714285714286,0.877229932223436,2.3264326165409543,0.24880667576405965
recent_verified,2015,cook_ex_chicago,skip_51,16,516,23,20.0,67.0,1.791044776119403,1.0869571097165478,2.9512124824328443,0.2548045783229343
recent_verified,2015,illinois_ex_cook,original,54,1300,58,60.0,258.0,1.3953488372093024,1.0536111777709554,1.847928741246337,0.1433270234774822
recent_verified,2015,illinois_ex_cook,skip_51,54,1300,58,60.0,243.0,1.4814814814814814,1.116825664710268,1.9652014180225224,0.14415926263724863
recent_verified,2016,chicago,original,11,278,32,26.0,67.0,2.328358208955224,1.480372097221875,3.662087362618435,0.2310560788983203
recent_verified,2016,chicago,skip_51,11,278,32,26.0,39.0,4.0,2.4352564548334166,6.570149919218458,0.25318484177091666
recent_verified,2016,cook_ex_chicago,original,14,433,26,26.0,79.0,1.9746835443037976,1.2677686824815033,3.075778061114158,0.2260968073848893
recent_verified,2016,cook_ex_chicago,skip_51,14,433,26,26.0,64.0,2.4375,1.5451875186426087,3.845103703153977,0.23256512735476587
recent_verified,2016,illinois_ex_cook,original,43,1118,77,51.0,267.0,1.146067415730337,0.8494334471670875,1.546290089917365,0.15281741225827253
recent_verified,2016,illinois_ex_cook,skip_51,43,1118,77,51.0,228.0,1.3421052631578947,0.9906804493983042,1.8181912628740375,0.1548993481249537
recent_verified,2017,chicago,original,4,228,35,21.0,55.0,2.290909090909091,1.385658952854534,3.787558585031477,0.25651679438365393
recent_verified,2017,chicago,skip_51,4,228,35,21.0,28.0,4.5,2.5555670412127816,7.923877430501713,0.28867513459481287
recent_verified,2017,cook_ex_chicago,original,10,339,24,14.0,57.0,1.4736842105263157,0.821298949374804,2.6442809332798545,0.29828246860600816
recent_verified,2017,cook_ex_chicago,skip_51,10,339,24,14.0,36.0,2.3333333333333335,1.258544491545527,4.325984882551524,0.314970394174356
recent_verified,2017,illinois_ex_cook,original,32,838,59,35.0,185.0,1.135135135135135,0.7909414822442195,1.6291113868021918,0.1843280607418034
recent_verified,2017,illinois_ex_cook,skip_51,32,838,59,35.0,153.0,1.3725490196078431,0.9506827624504308,1.9816187750902643,0.1873696247630519
recent_verified,2018,chicago,original,4,322,35,20.0,64.0,1.875,1.1348586115933803,3.097852863859351,0.25617376914899
recent_verified,2018,chicago,skip_51,4,322,35,20.0,33.0,3.6363636363636362,2.0866575153545823,6.336996080365771,0.2833778931092373
recent_verified,2018,cook_ex_chicago,original,12,435,23,19.0,66.0,1.7272727272727273,1.0369192414568271,2.8772453582677437,0.26035186594085236
recent_verified,2018,cook_ex_chicago,skip_51,12,435,23,19.0,50.0,2.28,1.3444037556992476,3.866695535446657,0.2695024655682549
recent_verified,2018,illinois_ex_cook,original,39,1079,50,50.0,201.0,1.492537313432836,1.0949717621827222,2.0344521282892845,0.15803519980722477
recent_verified,2018,illinois_ex_cook,skip_51,39,1079,50,50.0,186.0,1.6129032258064515,1.1803472780306563,2.2039757825825994,0.15929954201447505
recent_verified,2019,chicago,original,8,273,24,21.0,52.0,2.4230769230769234,1.4597624111555167,4.022094095778458,0.2585533152945768
recent_verified,2019,chicago,skip_51,8,273,24,21.0,34.0,3.705882352941176,2.1510038639321345,6.384723079360369,0.27754425291281026
recent_verified,2019,cook_ex_chicago,original,6,328,13,15.0,53.0,1.6981132075471697,0.9572318279766513,3.0124243483851996,0.29246297405820204
recent_verified,2019,cook_ex_chicago,skip_51,6,328,13,15.0,46.0,1.9565217391304348,1.0924242087646396,3.504112491262733,0.29733112366761955
recent_verified,2019,illinois_ex_cook,original,32,865,37,34.0,156.0,1.3076923076923077,0.9023981423746991,1.8950162808375686,0.18926706294582468
recent_verified,2019,illinois_ex_cook,skip_51,32,865,37,34.0,146.0,1.3972602739726028,0.9620233698349112,2.0294062851685455,0.19042342233657997
recent_verified,2020,chicago,original,6,309,34,25.0,67.0,2.238805970149254,1.4142422593774975,3.5441255829691936,0.23436162897182714
recent_verified,2020,chicago,skip_51,6,309,34,25.0,36.0,4.166666666666667,2.5013903321449757,6.940584557318461,0.2603416558635551
recent_verified,2020,cook_ex_chicago,original,11,428,25,21.0,67.0,1.8805970149253732,1.151902806245833,3.070263492171277,0.25008882572673247
recent_verified,2020,cook_ex_chicago,skip_51,11,428,25,21.0,46.0,2.7391304347826084,1.634694717469351,4.589747222262638,0.26335940851587253
recent_verified,2020,illinois_ex_cook,original,33,1076,45,55.0,190.0,1.7368421052631577,1.2865423047112647,2.3447503339518785,0.1531175237409325
recent_verified,2020,illinois_ex_cook,skip_51,33,1076,45,55.0,175.0,1.8857142857142857,1.3928092246779942,2.553054865190915,0.1545836469232884
recent_verified,2021,chicago,original,4,157,10,10.0,28.0,2.142857142857143,1.0409017683312027,4.4114025688087874,0.36839419880650365
recent_verified,2021,chicago,skip_51,4,157,10,10.0,23.0,2.608695652173913,1.241637742892157,5.480900564297806,0.37878524373260003
recent_verified,2021,cook_ex_chicago,original,6,199,9,16.0,32.0,3.0,1.6462291382115914,5.467039667258775,0.30618621784789724
recent_verified,2021,cook_ex_chicago,skip_51,6,199,9,16.0,27.0,3.5555555555555554,1.9158115247610372,6.598757312632219,0.3154949081000152
recent_verified,2021,illinois_ex_cook,original,20,588,27,26.0,110.0,1.4181818181818182,0.924934621984089,2.1744668451345803,0.21806523691878896
recent_verified,2021,illinois_ex_cook,skip_51,20,588,27,26.0,98.0,1.5918367346938778,1.033041052853247,2.452897862018304,0.22060285604268937
recent_verified,2022,chicago,original,3,121,10,10.0,27.0,2.2222222222222223,1.0756711840880875,4.590874681768804,0.3701851388657263
recent_verified,2022,chicago,skip_51,3,121,10,10.0,20.0,3.0,1.4042558983974784,6.4090882653729295,0.3872983346207417
recent_verified,2022,cook_ex_chicago,original,5,162,9,9.0,27.0,2.0,0.9405813182611226,4.252689185231645,0.3849001794597505
recent_verified,2022,cook_ex_chicago,skip_51,5,162,9,9.0,20.0,2.6999999999999997,1.2294098537277158,5.92967428876209,0.4013864859597432
recent_verified,2022,illinois_ex_cook,original,17,427,22,29.0,84.0,2.0714285714285716,1.3581158830697442,3.1593889593810633,0.21537762308432035
recent_verified,2022,illinois_ex_cook,skip_51,17,427,22,29.0,71.0,2.4507042253521125,1.5911085464172463,3.774696084489336,0.22037982136062997
recent_verified,2023,chicago,original,5,91,12,7.0,31.0,1.3548387096774193,0.5965965091661812,3.076766124236697,0.4184676897602393
recent_verified,2023,chicago,skip_51,5,91,12,7.0,20.0,2.1,0.8879795907788592,4.966330359160539,0.43915503282683993
recent_verified,2023,cook_ex_chicago,original,3,142,7,8.0,26.0,1.8461538461538463,0.8358292640378188,4.077727557902812,0.40430377003131995
recent_verified,2023,cook_ex_chicago,skip_51,3,142,7,8.0,21.0,2.2857142857142856,1.0124251412956264,5.1603714514956165,0.4154744849194083
recent_verified,2023,illinois_ex_cook,original,15,400,15,24.0,66.0,2.1818181818181817,1.36746941416046,3.4811239865536145,0.2383656473113981
recent_verified,2023,illinois_ex_cook,skip_51,15,400,15,24.0,65.0,2.215384615384615,1.3871787242315607,3.5380653612616695,0.23885410201895643
recent_verified,2024,chicago,original,1,79,5,9.0,10.0,5.3999999999999995,2.1942517538140627,13.289268175045956,0.45946829173634074
recent_verified,2024,chicago,skip_51,1,79,5,9.0,6.0,9.0,3.203403617481504,25.28560545975836,0.5270462766947299
recent_verified,2024,cook_ex_chicago,original,0,93,6,7.0,11.0,3.8181818181818183,1.480124994260322,9.84951436752116,0.48349377841522817
recent_verified,2024,cook_ex_chicago,skip_51,0,93,6,7.0,7.0,6.0,2.1045368116106236,17.10590178389364,0.5345224838248488
recent_verified,2024,illinois_ex_cook,original,9,273,7,16.0,39.0,2.4615384615384617,1.3756012125737331,4.404744298165091,0.29688554299767717
recent_verified,2024,illinois_ex_cook,skip_51,9,273,7,16.0,36.0,2.6666666666666665,1.4798230868012638,4.805379220351434,0.3004626062886658
recent_verified,2025,chicago,original,0,96,14,11.0,19.0,3.473684210526316,1.6530717718517782,7.2994301880449575,0.3788676152120412
recent_verified,2025,chicago,skip_51,0,96,14,11.0,6.0,11.0,4.068024918707361,29.744163916883892,0.5075192189225523
recent_verified,2025,cook_ex_chicago,original,2,119,8,7.0,19.0,2.210526315789474,0.9292607984448666,5.2584017328346375,0.4421410655034333
recent_verified,2025,cook_ex_chicago,skip_51,2,119,8,7.0,13.0,3.230769230769231,1.2889888685345152,8.097719132634786,0.4688072309384954
recent_verified,2025,illinois_ex_cook,original,12,313,18,21.0,65.0,1.9384615384615385,1.1852150557666272,3.170423053446737,0.2510053047321172
recent_verified,2025,illinois_ex_cook,skip_51,12,313,18,21.0,56.0,2.25,1.3626062508793246,3.7153066021332566,0.2558831578595795
