firm_id,company,naics2,naics_full,n_estab,n_unknown,emp,max_estab_emp,round_500,round_100,single_site_large,many_estabs,no_sector,incomplete,review_keep,review_sector,review_emp,review_note
820452373,UNIVERSITY-CHICAGO BOARD-TRSTS,99,54161110,76,2.0,19684.0,8534,False,False,False,False,True,True,,,,
610835209,NORTHWESTERN MEMORIAL HOSP,62,62211003,105,2.0,10881.0,8375,False,False,False,True,False,True,,,,
007538044,UNITED AIRLINES HOLDINGS INC,54,48111102,5,0.0,8146.0,4000,False,False,False,False,False,False,,,,
448897181,JOHNSTON R BOWMAN HEALTH CTR,62,62149301,1,0.0,8000.0,8000,True,True,True,False,False,False,,,,
001682400,MCDONALD'S CORP,42,72231009,113,0.0,7924.0,3000,False,False,False,True,False,False,,,,
005995907,JEWEL-OSCO,44,44511003,69,0.0,7241.0,330,False,False,False,False,False,False,,,,
433090792,CNA FINANCIAL CORP,52,52429819,8,0.0,7212.0,5000,False,False,False,False,False,False,,,,
507636348,HEALTH CARE SVC CORP,52,52421001,4,0.0,7063.0,5000,False,False,False,False,False,False,,,,
424821023,BAKER & MCKENZIE LLP,54,54111002,3,0.0,7008.0,7000,False,False,False,False,False,False,,,,
107286601,STATE STREET GLOBAL ADVISORS,52,52393002,1,0.0,7000.0,7000,True,True,True,False,False,False,,,,
820310522,MT SINAI HOSPITAL,62,62211002,18,0.0,6789.0,3000,False,False,False,False,False,False,,,,
497076042,ADVOCATE IL MASONIC MED CTR,62,62211002,133,1.0,6471.0,2214,False,False,False,True,False,True,,,,
402852537,ACCENTURE LIMITED,51,54161401,3,0.0,6405.0,6200,False,False,False,False,False,False,,,,
412706689,BMO FINANCIAL CORP,52,55111101,34,0.0,6339.0,3000,False,False,False,False,False,False,,,,
424806438,NORTHERN TRUST CORP,52,55111101,7,0.0,6048.0,6000,False,False,False,False,False,False,,,,
552852329,EXELON CORP,23,22112202,4,0.0,6027.0,5000,False,False,False,False,False,False,,,,
400857322,CHICAGO MARRIOTT DOWNTOWN,72,72111002,39,0.0,5950.0,900,False,False,False,False,False,False,,,,
004588000,UI HEALTH,62,62211002,50,1.0,5919.0,4186,False,False,False,False,False,True,,,,
214490476,MERRY MAIDS,32,23899072,583,1.0,5918.0,60,False,False,False,True,False,True,,,,
801175985,UNITED STATES POSTAL SVC,48,49111001,2187,2121.0,5161.0,1000,False,False,False,True,False,True,,,,
001122381,DELOITTE,52,54121101,2,0.0,5006.0,5000,False,False,False,False,False,False,,,,
726216376,ODYSSEY CRUISES CHICAGO,,56151001,1,0.0,5000.0,5000,True,True,True,False,True,False,,,,
434496131,PALMER HOUSE A HILTON HOTEL,72,72111002,33,0.0,4659.0,1200,False,False,False,False,False,False,,,,
009382458,CHARMS CO,42,31135201,7,0.0,4083.0,650,False,False,False,False,False,False,,,,
754680184,CITY COLLEGES-CHICAGO-HARRY S,61,61121002,14,0.0,4078.0,2000,False,False,False,False,False,False,,,,
407427249,ANN-ROBERT H LURIE CHILDREN'S,62,62211002,6,0.0,4053.0,4002,False,False,False,False,False,False,,,,
001174812,DLA PIPER LLP,,54111002,1,0.0,4036.0,4036,False,False,True,False,True,False,,,,
458537792,SINAI MEDICAL GROUP,62,62149301,1,0.0,4000.0,4000,True,True,True,False,False,False,,,,
002937415,TARGET,44,45211101,24,1.0,3780.0,500,False,False,False,False,False,True,,,,
441363611,HYATT REGENCY CHICAGO,72,72111002,19,0.0,3756.0,1499,False,False,False,False,False,False,,,,
001330802,MAYER BROWN,54,54111002,4,0.0,3645.0,2501,False,False,False,False,False,False,,,,
402872899,CITY-CHICAGO STREETS DEPT,92,23731007,1,0.0,3500.0,3500,True,True,True,False,False,False,,,,
007521503,MARIANO'S,42,44511003,39,0.0,3434.0,500,False,False,False,False,False,False,,,,
004557500,LEO BURNETT CO INC,54,54181001,2,0.0,3254.0,2254,False,False,False,False,False,False,,,,
400827357,ST MARY OF NAZARETH HOSPITAL,62,62211002,11,0.0,3168.0,1547,False,False,False,False,False,False,,,,
230153157,CHICAGO TRANSIT AUTHORITY,48,48511901,170,0.0,3162.0,1200,False,False,False,True,False,False,,,,
003420254,COOK COUNTY DEPT OF CORRECTION,92,92112007,1,0.0,3077.0,3077,False,False,True,False,False,False,,,,
440458614,NORTHWESTERN MEMORIAL PHYS GRP,62,62111107,1,0.0,3000.0,3000,True,True,True,False,False,False,,,,
007539588,WALGREENS,45,44611009,117,0.0,2942.0,90,False,False,False,True,False,False,,,,
007526478,BANK OF AMERICA,52,52211002,74,6.0,2894.0,1300,False,False,False,False,False,True,,,,
408242873,STATE ATTORNEY,92,92112008,4,0.0,2780.0,2000,False,False,False,False,False,False,,,,
303651459,STARBUCKS,54,72251505,185,0.0,2423.0,100,False,False,False,True,False,False,,,,
801407271,AMTRAK MARKETING DEPT,48,48511201,3,0.0,2418.0,2000,False,False,False,False,False,False,,,,
467049706,ASCENSION ST JOSEPH-CHICAGO,62,62211002,25,0.0,2412.0,1268,False,False,False,False,False,False,,,,
465380327,CHICAGO PUBLIC LIBRARY,51,51912007,76,0.0,2379.0,1600,False,False,False,False,False,False,,,,
465474104,DEPARTMENT OF HUMAN SVC,54,92313004,21,0.0,2371.0,1000,False,False,False,False,False,False,,,,
007556426,HOME DEPOT,23,44411002,23,0.0,2199.0,300,False,False,False,False,False,False,,,,
738425337,LOYOLA UNIVERSITY CHICAGO,71,61131009,10,0.0,2173.0,1200,False,False,False,False,False,False,,,,
007529209,QUAKER OATS CO,31,31123001,3,0.0,2172.0,1500,False,False,False,False,False,False,,,,
151554573,SHAW'S CRAB HOUSE,72,72251117,43,0.0,2077.0,210,False,False,False,False,False,False,,,,
007528383,UBS FINANCIAL SVC,52,52393002,13,0.0,2071.0,2000,False,False,False,False,False,False,,,,
470448572,US GENERAL SVC ADMINISTRATION,54,92119003,2,0.0,2013.0,2000,False,False,False,False,False,False,,,,
404702791,INSUREON,,52421001,1,0.0,2004.0,2004,False,False,True,False,True,False,,,,
720908038,MASONIC MEDICAL CTR-PATIENT,,62199921,1,0.0,2000.0,2000,True,True,True,False,True,False,,,,
417443926,UNITED CENTER,62,71131003,1,0.0,2000.0,2000,True,True,True,False,False,False,,,,
448894238,JAMES W JARDINE WATER,92,92411001,1,0.0,2000.0,2000,True,True,True,False,False,False,,,,
009317371,S & C ELECTRIC CO,23,42361021,1,0.0,2000.0,2000,True,True,True,False,False,False,,,,
804424223,SP PLUS CORP,56,81293004,299,2.0,1982.0,80,False,False,False,True,False,True,,,,
886012012,WHOLE FOODS MARKET,44,44511003,263,218.0,1960.0,400,False,False,False,True,False,True,,,,
820154003,JONES LANG LASALLE INC,52,53121005,20,0.0,1919.0,700,False,False,False,False,False,False,,,,
004586681,MACY'S,45,45211101,12,0.0,1916.0,1500,False,False,False,False,False,False,,,,
004630315,DDB CHICAGO,54,54181001,19,0.0,1826.0,800,False,False,False,False,False,False,,,,
009287483,TEMPEL STEEL CO,33,23891057,1,0.0,1800.0,1800,False,True,True,False,False,False,,,,
510184948,INTERCONTINENTAL CHICAGO,48,72111002,13,0.0,1786.0,800,False,False,False,False,False,False,,,,
806920021,MARSH & MC LENNAN AGENCY,52,52421001,8,0.0,1735.0,800,False,False,False,False,False,False,,,,
006407589,PRICEWATERHOUSE COOPERS,52,52393002,3,0.0,1714.0,1700,False,False,False,False,False,False,,,,
009450149,DART CONTAINER SOLO,32,32221912,1,0.0,1700.0,1700,False,True,True,False,False,False,,,,
403476608,BAGCRAFT PACKAGING,32,32222016,129,91.0,1684.0,400,False,False,False,True,False,True,,,,
401637651,INSIGHT HOSPITAL & MEDICAL CTR,62,62211002,10,0.0,1675.0,1536,False,False,False,False,False,False,,,,
900703026,SUN-TIMES MEDIA HOLDINGS LLC,54,51111003,4,0.0,1648.0,1492,False,False,False,False,False,False,,,,
457910685,CIRCANA INC,51,54191001,16,0.0,1608.0,1200,False,False,False,False,False,False,,,,
742688354,NORTHEASTERN IL UNIV FNDTN,81,54172006,5,0.0,1553.0,1500,False,False,False,False,False,False,,,,
004654984,SECURITAS INC,23,56161208,2,0.0,1511.0,1500,False,False,False,False,False,False,,,,
005761499,SARGENT & LUNDY LLC,54,54133011,1,0.0,1500.0,1500,True,True,True,False,False,False,,,,
407357519,CHICAGO TRANSIT AUTHORITY,,48511901,1,0.0,1500.0,1500,True,True,True,False,True,False,,,,
003869476,UPS CUSTOMER CTR,48,54186007,436,278.0,1471.0,400,False,False,False,True,False,True,,,,
007538564,UNITED STATES GYPSUM CO,32,32742002,3,0.0,1469.0,800,False,False,False,False,False,False,,,,
959792284,TACO BELL,72,72251117,76,1.0,1462.0,40,False,False,False,False,False,True,,,,
007502875,ARCHER-DANIELS-MIDLAND CO,11,31121106,5,0.0,1440.0,1200,False,False,False,False,False,False,,,,
424597185,SKIDMORE OWINGS & MERRILL LLP,81,54131009,1,0.0,1400.0,1400,False,True,True,False,False,False,,,,
680258050,EQ OFFICE,54,53121005,49,0.0,1366.0,500,False,False,False,False,False,False,,,,
678851924,DOLLAR TREE,45,45299013,124,0.0,1353.0,35,False,False,False,True,False,False,,,,
421766768,BAIRD & WARNER REAL ESTATE,55,53121003,10,0.0,1325.0,415,False,False,False,False,False,False,,,,
400624805,OAK STREET HEALTH PORTAGE PARK,62,62149301,87,0.0,1319.0,121,False,False,False,False,False,False,,,,
422011576,BURGER KING,72,72251117,46,0.0,1316.0,60,False,False,False,False,False,False,,,,
884499294,COMMUNITY FIRST MEDICAL CTR,62,62211002,3,0.0,1302.0,1200,False,False,False,False,False,False,,,,
426752396,CHICAGO O'HARE INTL AIRPORT,,48811907,1,0.0,1301.0,1301,False,False,True,False,True,False,,,,
468172937,US ENVIRONMENTAL PROTCTN AGCY,92,92411003,1,0.0,1300.0,1300,False,True,True,False,False,False,,,,
433570033,KPMG,54,54121101,1,0.0,1300.0,1300,False,True,True,False,False,False,,,,
789889894,ALLIANCE GROUND INTL,48,48811906,4,0.0,1259.0,500,False,False,False,False,False,False,,,,
433091519,CHASE,52,52211002,82,0.0,1251.0,201,False,False,False,False,False,False,,,,
496971326,AMERICAN MEDICAL ASSN,51,81391002,4,0.0,1235.0,1100,False,False,False,False,False,False,,,,
832371389,PEOPLES GAS,21,22121002,6,0.0,1224.0,1200,False,False,False,False,False,False,,,,
005889993,WALMART SUPERCENTER,44,45211101,19,0.0,1217.0,450,False,False,False,False,False,False,,,,
860048156,MONDELEZ INTERNATIONAL INC,31,31199906,2,0.0,1203.0,1200,False,False,False,False,False,False,,,,
713858228,AT WORLD PROPERTIES LLC,53,53121003,14,0.0,1185.0,350,False,False,False,False,False,False,,,,
001330794,SEYFARTH SHAW LLP,99,54111002,4,0.0,1140.0,1001,False,False,False,False,True,False,,,,
434533054,TRANSUNION INTERMEDIATE HLDNGS,52,56145003,4,0.0,1139.0,1100,False,False,False,False,False,False,,,,
002363950,BHHS CHICAGO,52,53121003,31,0.0,1138.0,250,False,False,False,False,False,False,,,,
416148006,JAMESON SOTHEBY'S INTL REALTY,53,53121003,29,0.0,1135.0,234,False,False,False,False,False,False,,,,
738420292,CHICAGO STATE UNIVERSITY,61,61131009,5,0.0,1121.0,950,False,False,False,False,False,False,,,,
458460003,CBOE FUTURES EXCHANGE LLC,23,52321001,7,0.0,1116.0,600,False,False,False,False,False,False,,,,
367784493,ROCKFON LLC,23,33231210,1,0.0,1112.0,1112,False,False,True,False,False,False,,,,
582011136,UNI CARE LIFE & HEALTH INS CO,62,52421003,3,0.0,1105.0,1000,False,False,False,False,False,False,,,,
385902457,EDSAL MANUFACTURING CO INC,44,33721511,2,0.0,1105.0,1100,False,False,False,False,False,False,,,,
416870134,PATRICK J MCNERNEY MEYER BROWN,,54111002,1,0.0,1105.0,1105,False,False,True,False,True,False,,,,
721488907,DEPAUL UNIVERSITY-LOOP CAMPUS,45,61131009,4,0.0,1089.0,1001,False,False,False,False,False,False,,,,
237855895,MATTRESS FIRM,33,44211024,14,0.0,1061.0,1000,False,False,False,False,False,False,,,,
200026573,ALDI,44,44511003,34,0.0,1061.0,160,False,False,False,False,False,False,,,,
007656051,GREAT DANE TRAILERS,42,33621202,3,0.0,1055.0,1000,False,False,False,False,False,False,,,,
746795206,RATE,52,52229202,21,0.0,1037.0,600,False,False,False,False,False,False,,,,
224249342,POTBELLY CORP,53,72231009,51,0.0,1036.0,200,False,False,False,False,False,False,,,,
003901832,AON CORP,52,52421001,6,0.0,1029.0,1001,False,False,False,False,False,False,,,,
467853073,KIRKLAND & ELLIS LLP,54,54111002,3,0.0,1009.0,1000,False,False,False,False,False,False,,,,
557193513,CHIPOTLE MEXICAN GRILL,72,72251117,43,0.0,1008.0,40,False,False,False,False,False,False,,,,
611335779,MOTOROLA MOBILITY HOLDINGS LLC,53,33421004,1,0.0,1001.0,1001,False,False,True,False,False,False,,,,
243185816,MCCORMICK PLACE,72,72251505,1,0.0,1001.0,1001,False,False,True,False,False,False,,,,
720809648,AMAZING CHICAGO'S FUNHOUSE MZ,,71399001,1,0.0,1000.0,1000,True,True,True,False,True,False,,,,
410776136,INPUT CENTER INC,,56199001,1,0.0,1000.0,1000,True,True,True,False,True,False,,,,
367448727,NORCON INC,23,23611505,1,0.0,1000.0,1000,True,True,True,False,False,False,,,,
533767356,SIDLEY AUSTIN LLP,,54111002,1,0.0,1000.0,1000,True,True,True,False,True,False,,,,
401537560,MC AULEY RESIDENCE,,62399007,1,0.0,1000.0,1000,True,True,True,False,True,False,,,,
148003965,RSM US LLP,52,54121101,1,0.0,1000.0,1000,True,True,True,False,False,False,,,,
367209509,CLARK CONSTRUCTION GROUP,23,23611512,1,0.0,1000.0,1000,True,True,True,False,False,False,,,,
610824542,AMER ASSOCIATION OF MEDICAL,81,81392006,1,0.0,1000.0,1000,True,True,True,False,False,False,,,,
507800415,METROPOLITAN PIER & EXPOSITION,71,56192002,1,0.0,1000.0,1000,True,True,True,False,False,False,,,,
475652731,CHICAGO SYMPHONY CTR,71,71111010,1,0.0,1000.0,1000,True,True,True,False,False,False,,,,
007500598,MILLER COORS LLC,42,42481001,3,0.0,1000.0,400,True,True,False,False,False,False,,,,
458512076,AMERICAN MEDICAL ASSOC,,81331908,1,0.0,1000.0,1000,True,True,True,False,True,False,,,,
151796745,MISERICORDIA HOME,81,81331908,1,0.0,1000.0,1000,True,True,True,False,False,False,,,,
438897461,FAIRMONT CHICAGO-MILLENNIUM,72,72111002,3,0.0,1000.0,500,True,True,False,False,False,False,,,,
400403224,ISMS DIVISION OF SPECIALTY SVC,62,23611505,1,0.0,1000.0,1000,True,True,True,False,False,False,,,,
713247635,THOREK MEMORIAL HOSP ANDRSNVLL,62,62211002,6,1.0,998.0,900,False,False,False,False,False,True,,,,
748156067,COLUMBIA COLLEGE CHICAGO,61,61131009,7,0.0,979.0,600,False,False,False,False,False,False,,,,
539863209,TRUE VALUE CO,42,44413005,16,0.0,978.0,500,False,False,False,False,False,False,,,,
006131684,NORDSTROM,56,45211101,7,0.0,959.0,720,False,False,False,False,False,False,,,,
402888671,WILLIAM BLAIR & CO LLC,52,52311001,1,0.0,920.0,920,False,False,False,False,False,False,,,,
001334648,WINSTON & STRAWN LLP,99,54111002,2,0.0,907.0,900,False,False,False,False,True,False,,,,
592127328,WILLIS TOWERS WATSON,52,52421001,2,0.0,903.0,900,False,False,False,False,False,False,,,,
104275698,DD'S DISCOUNTS,45,45211101,21,0.0,901.0,133,False,False,False,False,False,False,,,,
408172047,ILLINOIS INSTITUTE-TECH CAMPUS,81,51919014,1,0.0,900.0,900,False,True,False,False,False,False,,,,
151162567,FREEDMAN SEATING CO,42,33531201,1,0.0,900.0,900,False,True,False,False,False,False,,,,
006529671,OMNIMAX THEATER,,51213101,2,0.0,900.0,600,False,True,False,False,True,False,,,,
001332337,JENNER & BLOCK LLP,54,54111002,2,0.0,900.0,500,False,True,False,False,False,False,,,,
401336347,FISCAL OPERATIONS BUREAU,,92112009,1,0.0,900.0,900,False,True,False,False,True,False,,,,
006961734,OSI INDUSTRIES LLC,31,31161103,2,0.0,900.0,600,False,True,False,False,False,False,,,,
820362325,VEDDER PRICE PC,51,54111002,1,0.0,900.0,900,False,True,False,False,False,False,,,,
628493280,OZINGA,23,44419012,8,0.0,898.0,600,False,False,False,False,False,False,,,,
839897758,TJ MAXX,45,45211101,20,0.0,890.0,94,False,False,False,False,False,False,,,,
439851547,ST ANTHONY HOSPITAL,62,62211002,2,0.0,871.0,825,False,False,False,False,False,False,,,,
308577089,LA FITNESS,81,71394011,22,0.0,858.0,250,False,False,False,False,False,False,,,,
452072770,US ATTORNEY,54,92213003,17,0.0,855.0,250,False,False,False,False,False,False,,,,
151625449,ALDEN WENTWORTH REHABILITATION,62,62431009,8,0.0,830.0,200,False,False,False,False,False,False,,,,
639356617,EDELMAN,54,54182004,8,0.0,819.0,650,False,False,False,False,False,False,,,,
151011921,YMCA OF THE USA,62,62411006,9,0.0,815.0,300,False,False,False,False,False,False,,,,
738425559,NORTH PARK UNIVERSITY,61,61131009,2,0.0,815.0,800,False,False,False,False,False,False,,,,
967328584,WINTRUST WEALTH MANAGEMENT,52,52393005,56,0.0,814.0,200,False,False,False,False,False,False,,,,
458545811,ST BERNARD HOSPITAL,62,62211002,5,0.0,812.0,750,False,False,False,False,False,False,,,,
007525504,MOTOROLA SOLUTIONS INC,33,33422004,2,0.0,806.0,800,False,False,False,False,False,False,,,,
510390404,CIBC BANCORP USA INC,54,55111101,7,0.0,806.0,600,False,False,False,False,False,False,,,,
121698195,IBEW,23,81393001,72,0.0,802.0,60,False,False,False,False,False,False,,,,
402883896,ILLINOIS EMPLOYMENT SECURITY,,92313004,1,0.0,800.0,800,False,True,False,False,True,False,,,,
417203445,CLERK-THE CIRCUIT COURT-COOK,92,92211002,1,0.0,800.0,800,False,True,False,False,False,False,,,,
581069010,HEARTLAND ALLIANCE-HUMAN NEEDS,52,81331101,13,0.0,795.0,600,False,False,False,False,False,False,,,,
742896291,ISI TELEMANAGEMENT SOLUTIONS,,51121005,1,0.0,789.0,789,False,False,False,False,True,False,,,,
680181153,GEOMETRY GLOBAL,54,54181001,13,0.0,786.0,200,False,False,False,False,False,False,,,,
423671866,WENDY'S,72,72251117,26,0.0,784.0,46,False,False,False,False,False,False,,,,
156647240,POPEYES,72,72251117,37,0.0,783.0,40,False,False,False,False,False,False,,,,
583360797,ARCHER-WESTERN CONTRACTORS LTD,23,23899018,5,0.0,779.0,400,False,False,False,False,False,False,,,,
612771964,WESTERN UNION AGENT LOCATION,52,52232008,159,0.0,776.0,20,False,False,False,True,False,False,,,,
003583366,ARCELORMITTAL,23,33122103,6,0.0,768.0,300,False,False,False,False,False,False,,,,
004612941,BLUE CROSS & BLUE SHIELD ASSN,52,52421001,1,0.0,765.0,765,False,False,False,False,False,False,,,,
793946125,WEISS MEMORIAL HOSPITAL,62,62211002,2,0.0,756.0,732,False,False,False,False,False,False,,,,
483452413,FANTUS HEALTH CTR-COOK COUNTY,,62149301,1,0.0,750.0,750,False,False,False,False,True,False,,,,
750307570,LESSEN,,51121005,1,0.0,750.0,750,False,False,False,False,True,False,,,,
475717922,PRITZKER SCHOOL OF MEDICINE,,61131008,1,0.0,750.0,750,False,False,False,False,True,False,,,,
402325170,COGNITIVE TPG,32,33324406,1,0.0,750.0,750,False,False,False,False,False,False,,,,
425757412,BOARD-TRUSTEES-CMNTY CLG DIST,61,52399114,1,0.0,750.0,750,False,False,False,False,False,False,,,,
736347633,FARMER'S FRIDGE,72,45421005,67,0.0,748.0,21,False,False,False,False,False,False,,,,
354872905,BALYASNY ASSET MANAGEMENT LP,52,52392001,1,0.0,746.0,746,False,False,False,False,False,False,,,,
433461118,NUVEEN SECURITIES LLC,52,52392002,6,0.0,745.0,400,False,False,False,False,False,False,,,,
448968354,JACKSON PARK HOSPITAL,62,62211002,5,0.0,739.0,700,False,False,False,False,False,False,,,,
475696241,HUMBOLDT PARK HEALTH,62,62211002,3,0.0,738.0,712,False,False,False,False,False,False,,,,
683857213,RR DONNELLEY & SONS CO,32,32311109,2,0.0,731.0,725,False,False,False,False,False,False,,,,
441317252,DEUTSCHE BANK,52,52211002,3,0.0,724.0,690,False,False,False,False,False,False,,,,
433354362,ECHO GLOBAL LOGISTICS INC,48,48851004,7,0.0,722.0,600,False,False,False,False,False,False,,,,
007523475,WM WRIGLEY JR CO,31,31134001,18,0.0,718.0,500,False,False,False,False,False,False,,,,
901786970,DRAPER-KRAMER RESIDENTAL,53,53121003,10,0.0,716.0,300,False,False,False,False,False,False,,,,
230228082,REDWOOD LOGISTICS,48,48423020,4,0.0,715.0,400,False,False,False,False,False,False,,,,
415115285,ATLAS TUBE,23,33111012,5,0.0,705.0,300,False,False,False,False,False,False,,,,
694674151,IHEARTMEDIA,51,51511203,10,0.0,703.0,153,False,False,False,False,False,False,,,,
367344579,NORTHWESTERN MEDICINE,62,54121901,1,0.0,700.0,700,False,True,False,False,False,False,,,,
003848645,CHICAGO TRANSPORTATION DEPT,92,92112006,1,0.0,700.0,700,False,True,False,False,False,False,,,,
001330497,MCDERMOTT WILL & EMERY,54,54111002,1,0.0,700.0,700,False,True,False,False,False,False,,,,
617356803,WFMT,51,54184002,4,0.0,698.0,300,False,False,False,False,False,False,,,,
005863311,7-ELEVEN,72,44512001,99,0.0,698.0,16,False,False,False,False,False,False,,,,
988440806,NEWSNATION,51,51512001,4,0.0,697.0,250,False,False,False,False,False,False,,,,
441427713,WHITE CASTLE,72,72251117,20,0.0,688.0,100,False,False,False,False,False,False,,,,
977518554,REPUBLIC SERVICES OF CHICAGO,56,56211901,8,0.0,671.0,536,False,False,False,False,False,False,,,,
310007406,LOWE'S HOME IMPROVEMENT,23,44411002,5,0.0,666.0,183,False,False,False,False,False,False,,,,
003607868,WEBER SHANDWICK,54,54182004,6,0.0,663.0,300,False,False,False,False,False,False,,,,
001161124,FAEGRE DRINKER BIDDLE-REATH,51,54111002,2,0.0,660.0,600,False,False,False,False,False,False,,,,
003678943,CITIBANK,52,52211002,25,2.0,657.0,400,False,False,False,False,False,True,,,,
722498934,MOODY BIBLE INSTITUTE,61,51912010,3,0.0,651.0,600,False,False,False,False,False,False,,,,
441311800,COSTCO WHOLESALE,42,45291001,10,0.0,650.0,250,False,False,False,False,False,False,,,,
433350857,AUTOKINITON,32,33637001,2,0.0,650.0,500,False,False,False,False,False,False,,,,
001250919,JONES DAY,,54111002,2,0.0,650.0,350,False,False,False,False,True,False,,,,
004607974,UNITED STATES CELLULAR CORP,51,51721014,2,0.0,640.0,600,False,False,False,False,False,False,,,,
852815976,SAKS FIFTH AVENUE,44,45211101,6,0.0,637.0,350,False,False,False,False,False,False,,,,
007567704,ADTALEM GLOBAL EDUCATION INC,,61111005,2,1.0,636.0,636,False,False,False,False,True,True,,,,
314638263,BUBBA GUMP SHRIMP CO,72,72251117,5,0.0,636.0,285,False,False,False,False,False,False,,,,
652242033,GIORDANO'S,31,72251115,20,0.0,634.0,101,False,False,False,False,False,False,,,,
738425989,ROOSEVELT UNIVERSITY,61,61131009,4,1.0,628.0,600,False,False,False,False,False,True,,,,
410869524,CHICAGO READ MENTAL HEALTH CTR,92,62211002,1,0.0,628.0,628,False,False,False,False,False,False,,,,
009322777,METHODE ELECTRONICS INC,33,33441902,2,0.0,627.0,600,False,False,False,False,False,False,,,,
462148875,MORGAN STANLEY WEALTH MGMT,52,52393002,50,0.0,620.0,400,False,False,False,False,False,False,,,,
004713574,ARDAGH GROUP,33,32721303,2,0.0,620.0,500,False,False,False,False,False,False,,,,
622551794,GRANT THORNTON LLP,51,54121101,4,0.0,618.0,601,False,False,False,False,False,False,,,,
466104361,SALVATION ARMY KROC CTR,71,62419012,23,0.0,617.0,200,False,False,False,False,False,False,,,,
007509045,CONAGRA BRANDS INC,42,31199906,3,0.0,615.0,500,False,False,False,False,False,False,,,,
884301763,CUSHMAN & WAKEFIELD,53,53121003,3,0.0,613.0,600,False,False,False,False,False,False,,,,
686514902,VIENNA BEEF LTD,31,31199906,3,0.0,609.0,500,False,False,False,False,False,False,,,,
439599489,PROVIDENT HOSPITAL-COOK COUNTY,62,62211002,12,1.0,609.0,316,False,False,False,False,False,True,,,,
004620738,H&R BLOCK,52,54121301,66,0.0,608.0,30,False,False,False,False,False,False,,,,
418285359,FERRARA CANDY CO,42,31135201,1,0.0,600.0,600,False,True,False,False,False,False,,,,
417273296,55 ERIE INVESTORS LLC,,53111004,1,0.0,600.0,600,False,True,False,False,True,False,,,,
820734093,NATIONAL ASSOCIATION-BAR,,81391002,1,0.0,600.0,600,False,True,False,False,True,False,,,,
416509239,CHICAGO TRANSIT AUTHORITY,,48511901,1,0.0,600.0,600,False,True,False,False,True,False,,,,
237616735,MIDWAY MOVING,48,53113001,1,0.0,600.0,600,False,True,False,False,False,False,,,,
404918287,WALSH'DEMARIA JOINT VENTURE,,23611512,1,0.0,600.0,600,False,True,False,False,True,False,,,,
975296526,EAST BANK CLUB,,71394011,1,0.0,600.0,600,False,True,False,False,True,False,,,,
465380939,CHICAGO POLICE DEPT,,92212003,1,0.0,600.0,600,False,True,False,False,True,False,,,,
009093030,GENERAL FOODS CORP,31,42442005,1,0.0,600.0,600,False,True,False,False,False,False,,,,
891739385,ARIE CROWN THEATER,71,71111007,1,0.0,600.0,600,False,True,False,False,False,False,,,,
259743649,BEARINGPOINT,,54161401,1,0.0,600.0,600,False,True,False,False,True,False,,,,
890292881,CRAIN COMMUNICATIONS INC,51,51112006,6,0.0,598.0,200,False,False,False,False,False,False,,,,
007526346,FRESENIUS KIDNEY CARE,62,62149202,33,0.0,597.0,50,False,False,False,False,False,False,,,,
007503576,NEWARK,33,42369015,3,0.0,574.0,460,False,False,False,False,False,False,,,,
007533805,JIFFY LUBE,44,81119101,94,0.0,559.0,20,False,False,False,False,False,False,,,,
402946685,ALLSTATE INSURANCE,52,52421001,113,0.0,558.0,41,False,False,False,True,False,False,,,,
655861375,SUPERIOR GRAPHITE CO,32,33599101,2,0.0,552.0,500,False,False,False,False,False,False,,,,
599085917,THYSSENKRUPP NORTH AMERICA,33,33299910,2,0.0,550.0,501,False,False,False,False,False,False,,,,
313028979,FOUR SEASONS HOTEL CHICAGO,72,72111002,1,0.0,550.0,550,False,False,False,False,False,False,,,,
684383862,CCH INC,51,51121005,2,0.0,550.0,500,False,False,False,False,False,False,,,,
007518103,PROVISUR TECHNOLOGIES INC,33,42344016,4,0.0,544.0,250,False,False,False,False,False,False,,,,
005235973,PNC BANK,52,52211002,64,3.0,544.0,100,False,False,False,False,False,True,,,,
441324175,TRUMP INTERNATIONAL HOTEL,72,72111002,2,0.0,540.0,500,False,False,False,False,False,False,,,,
507958353,T-MOBILE,51,51721014,109,0.0,537.0,26,False,False,False,True,False,False,,,,
716158773,PETE'S FRESH MARKET,42,44511003,8,0.0,536.0,300,False,False,False,False,False,False,,,,
749710524,PROVIDENCE BANK & TRUST,52,52211002,3,0.0,536.0,500,False,False,False,False,False,False,,,,
713001966,HOWARD ORLOFF IMPORTS INC,44,44111001,4,0.0,536.0,183,False,False,False,False,False,False,,,,
807279781,PERKINS EASTMAN ARCHITECTS,54,54131001,2,0.0,534.0,500,False,False,False,False,False,False,,,,
533721700,STARCOM MEDIAVEST GROUP,,54181001,4,0.0,533.0,499,False,False,False,False,True,False,,,,
006501621,CONSTELLATION BRANDS,31,42512070,2,0.0,530.0,400,False,False,False,False,False,False,,,,
461050437,SMITHBUCKLIN,62,56111003,3,0.0,528.0,500,False,False,False,False,False,False,,,,
712073164,DHL GLOBAL FORWARDING,48,48851006,5,0.0,526.0,500,False,False,False,False,False,False,,,,
006531438,SOUTH SHORE HOSPITAL,62,62211002,3,0.0,526.0,501,False,False,False,False,False,False,,,,
311225726,DOMINO'S,48,72251115,35,0.0,524.0,25,False,False,False,False,False,False,,,,
441443769,KOMATSU AMERICA CORP,21,33312007,3,0.0,523.0,500,False,False,False,False,False,False,,,,
416591443,BELT RAILWAY CO-CHICAGO YARD,48,48211102,1,0.0,520.0,520,False,False,False,False,False,False,,,,
775656482,KINDRED HOSPITAL CHICAGO NORTH,62,62211002,2,0.0,512.0,502,False,False,False,False,False,False,,,,
422144316,CHICAGO TRIBUNE DIRECT,51,54186002,7,0.0,512.0,215,False,False,False,False,False,False,,,,
854356029,BOSTON CONSULTING GROUP,,54161401,3,0.0,508.0,500,False,False,False,False,True,False,,,,
470626524,CHAPMAN & CUTLER LLP,54,54111002,2,0.0,504.0,500,False,False,False,False,False,False,,,,
005763008,AT KEARNEY INC,33,54161401,2,0.0,503.0,500,False,False,False,False,False,False,,,,
001260249,ACCESS COMMUNITY HEALTH,62,62149301,1,0.0,501.0,501,False,False,False,False,False,False,,,,
446751315,AUTOZONE,42,44131011,44,0.0,501.0,25,False,False,False,False,False,False,,,,
005763628,GATX CORP,48,53241103,3,0.0,501.0,300,False,False,False,False,False,False,,,,
417327889,MCCORMICK PLACE,72,56192002,1,0.0,500.0,500,True,True,False,False,False,False,,,,
434239930,PENINSULA CHICAGO,72,72111002,1,0.0,500.0,500,True,True,False,False,False,False,,,,
433572627,DIGITAS-CHICAGO,,54181001,1,0.0,500.0,500,True,True,False,False,True,False,,,,
434093017,LINCOLN PARK ZOO,81,71213006,1,0.0,500.0,500,True,True,False,False,False,False,,,,
242688505,DEPARTMENT OF CULTURAL AFFAIRS,,71211001,1,0.0,500.0,500,True,True,False,False,True,False,,,,
227324787,SKADDEN ARPS SLATE MEAGHER,51,54111002,1,0.0,500.0,500,True,True,False,False,False,False,,,,
465419729,CHICAGO POLICE DEPT-5TH DIST,,92212003,1,0.0,500.0,500,True,True,False,False,True,False,,,,
465397487,CHICAGO POLICE DEPT,,92212003,1,0.0,500.0,500,True,True,False,False,True,False,,,,
421855444,COMPSYCH EMPLOYEE ASSISTANCE,99,54161205,1,0.0,500.0,500,True,True,False,False,True,False,,,,
313554552,BAIN & CO,,54161401,1,0.0,500.0,500,True,True,False,False,True,False,,,,
700457830,FOUR SEASONS HTG & AIR COND,23,23822002,1,0.0,500.0,500,True,True,False,False,False,False,,,,
407401910,DIGESTIVE DISEASE EDUCATION CO,,61171003,1,0.0,500.0,500,True,True,False,False,True,False,,,,
151012028,ZACKS INVESTMENT RESEARCH INC,52,52393002,1,0.0,500.0,500,True,True,False,False,False,False,,,,
217200021,COLEMAN NATURAL MEATS,,42447005,1,0.0,500.0,500,True,True,False,False,True,False,,,,
974030587,SRA MC GRAW-HILL,51,61171008,1,0.0,500.0,500,True,True,False,False,False,False,,,,
151251451,LANE TECH HIGH SCHOOL,,61111007,1,0.0,500.0,500,True,True,False,False,True,False,,,,
151208568,CHINESE AMERICAN SVC LEAGUE,72,62419021,1,0.0,499.0,499,False,False,False,False,False,False,,,,
713244573,MCGRATH CITY HONDA,42,44111001,6,0.0,498.0,200,False,False,False,False,False,False,,,,
584136014,ATHLETICO PHYSICAL THERAPY,62,62134007,67,0.0,490.0,30,False,False,False,False,False,False,,,,
962862678,CISION,54,51121005,7,0.0,488.0,332,False,False,False,False,False,False,,,,
425081041,LORETTO HOSPITAL,62,62211002,2,0.0,488.0,457,False,False,False,False,False,False,,,,
408126506,ZURICH INSURANCE,52,52421001,41,0.0,488.0,350,False,False,False,False,False,False,,,,
723937960,LINEAGE LOGISTICS,49,54161125,5,0.0,466.0,139,False,False,False,False,False,False,,,,
007595440,RBC WEALTH MANAGEMENT,52,52311002,3,0.0,465.0,275,False,False,False,False,False,False,,,,
165603739,RE/MAX CITY,53,53121003,22,0.0,465.0,70,False,False,False,False,False,False,,,,
215353368,SWISSPORT USA INC,48,48111201,3,0.0,462.0,200,False,False,False,False,False,False,,,,
408247880,SECRETARY OF STATE,92,92112008,8,0.0,455.0,150,False,False,False,False,False,False,,,,
849416722,BURLINGTON,45,45211101,7,0.0,454.0,87,False,False,False,False,False,False,,,,
007512346,TRIPP LITE,33,33441902,2,0.0,454.0,450,False,False,False,False,False,False,,,,
619893779,FAIRPLAY FOODS,42,44511003,4,0.0,453.0,165,False,False,False,False,False,False,,,,
404078671,EATALY CHICAGO,72,72251117,1,0.0,450.0,450,False,False,False,False,False,False,,,,
807587191,NIELSEN CO,51,51119908,2,0.0,450.0,400,False,False,False,False,False,False,,,,
507836252,ROSELAND COMMUNITY HOSP-PHYSCN,,62111107,1,0.0,450.0,450,False,False,False,False,True,False,,,,
404918170,TRIPPE MANUFACTURING CO,33,33599904,1,0.0,450.0,450,False,False,False,False,False,False,,,,
145791497,GE HEALTHCARE TECHNOLOGIES INC,54,33911201,1,0.0,450.0,450,False,False,False,False,False,False,,,,
151644457,EASTERSEALS,52,81331908,8,0.0,447.0,277,False,False,False,False,False,False,,,,
441336328,EZLINKS GOLF LLC,56,71391003,14,0.0,446.0,181,False,False,False,False,False,False,,,,
001669332,FIFTH THIRD BANK,52,52211002,43,0.0,444.0,99,False,False,False,False,False,False,,,,
443630793,HUNTINGTON BANK,52,52211002,33,0.0,444.0,200,False,False,False,False,False,False,,,,
409125614,U-HAUL MOVING-STGE-PORTAGE PRK,49,53212016,133,0.0,443.0,38,False,False,False,True,False,False,,,,
439664772,CBRE,53,53121005,7,0.0,439.0,415,False,False,False,False,False,False,,,,
820673523,MARC REALTY,53,53121003,7,0.0,436.0,350,False,False,False,False,False,False,,,,
939063319,LOU MALNATI'S PIZZERIA,72,72251115,12,0.0,435.0,100,False,False,False,False,False,False,,,,
992479295,AMERICAN AXLE & MFG INC,33,33211107,1,0.0,433.0,433,False,False,False,False,False,False,,,,
004706446,BEST BUY,51,44314207,7,0.0,429.0,158,False,False,False,False,False,False,,,,
483504429,ERP OPERATING LP,53,52599001,2,0.0,429.0,228,False,False,False,False,False,False,,,,
383453404,SHEDD AQUARIUM,48,71219001,1,0.0,428.0,428,False,False,False,False,False,False,,,,
443650288,KEMPER CORP,52,52412607,4,0.0,428.0,200,False,False,False,False,False,False,,,,
392219564,LATHAM & WATKINS LLP,,54111002,1,0.0,427.0,427,False,False,False,False,True,False,,,,
441485026,CITI TRENDS,44,45211101,8,0.0,426.0,131,False,False,False,False,False,False,,,,
400157046,ACCENTCARE HOSPICE-PALLIATIVE,54,62311011,33,0.0,426.0,115,False,False,False,False,False,False,,,,
441424033,NALCO WATER,32,42372045,2,0.0,422.0,415,False,False,False,False,False,False,,,,
987287943,HAY GROUP,56,54161401,5,0.0,422.0,220,False,False,False,False,False,False,,,,
493350797,WINGSTOP,72,72251117,34,0.0,422.0,23,False,False,False,False,False,False,,,,
758325456,MERCEDES-BENZ OF CHICAGO,44,44111001,2,0.0,420.0,400,False,False,False,False,False,False,,,,
641603337,CHICAGO POLICE DEPT,,92212003,1,0.0,420.0,420,False,False,False,False,True,False,,,,
001490291,BP PRODUCTS NORTH AMERICA INC,32,48611002,54,0.0,420.0,150,False,False,False,False,False,False,,,,
009332453,FINKL STEEL,33,33351406,2,0.0,419.0,415,False,False,False,False,False,False,,,,
780299795,KELLER WILLIAMS REALTY,53,53121003,5,0.0,418.0,150,False,False,False,False,False,False,,,,
004674990,CHICAGO MERCANTILE EXCH INC,45,52321004,4,0.0,418.0,233,False,False,False,False,False,False,,,,
761815206,PPM AMERICA INC,44,52393002,4,0.0,418.0,200,False,False,False,False,False,False,,,,
370270621,ROBERT W BAIRD & CO,52,52311002,4,0.0,417.0,200,False,False,False,False,False,False,,,,
836142901,JB HUNT,48,48423017,2,0.0,415.0,400,False,False,False,False,False,False,,,,
006531107,TAKAO NAGI CONCRETE RSTRTN,23,23811001,5,0.0,414.0,200,False,False,False,False,False,False,,,,
251451274,KATE'S DETECTIVE & SECURITY,42,56161208,1,0.0,414.0,414,False,False,False,False,False,False,,,,
465430924,ALPHA BAKING CO INC,31,31181202,2,0.0,411.0,350,False,False,False,False,False,False,,,,
886835255,DAVITA LOOP RENAL CTR,62,62149202,35,0.0,410.0,30,False,False,False,False,False,False,,,,
769804148,PANERA BREAD,48,72251117,17,0.0,409.0,60,False,False,False,False,False,False,,,,
434509785,HU-FRIEDY MANUFACTURING CO LLC,33,42345007,1,0.0,408.0,408,False,False,False,False,False,False,,,,
141364927,CROWE LLP,51,54121101,2,0.0,406.0,400,False,False,False,False,False,False,,,,
558765046,NEWLY WEDS FOODS INC,42,31199906,2,0.0,405.0,350,False,False,False,False,False,False,,,,
417543063,EL MILAGRO INC,42,42449065,4,0.0,404.0,300,False,False,False,False,False,False,,,,
453620056,OLD NAVY,44,44814001,19,0.0,404.0,60,False,False,False,False,False,False,,,,
441443447,DUCHOSSOIS GROUP,42,52391003,2,0.0,403.0,400,False,False,False,False,False,False,,,,
641540562,NBC 5 CHICAGO,51,51512001,1,0.0,400.0,400,False,True,False,False,False,False,,,,
113413587,SOCIETE GENERALE,,52393002,1,0.0,400.0,400,False,True,False,False,True,False,,,,
151526621,BURBANK ELEMENTARY SCHOOL,,61111007,1,0.0,400.0,400,False,True,False,False,True,False,,,,
001767540,COLOR COMMUNICATIONS INC,32,33999936,1,0.0,400.0,400,False,True,False,False,False,False,,,,
220012868,LEVENFELD PEARLSTEIN LLC,,54111002,2,0.0,400.0,200,False,True,False,False,True,False,,,,
859249336,COM PSYCHIATRIC CORP,62,62419024,1,0.0,400.0,400,False,True,False,False,False,False,,,,
465428407,CHICAGO POLICE DEPT-3RD DIST,,92212003,1,0.0,400.0,400,False,True,False,False,True,False,,,,
151639515,ASI SERVICES HOME CARE,62,11521006,1,0.0,400.0,400,False,True,False,False,False,False,,,,
722434258,DREAM TOWN,53,53121003,1,0.0,400.0,400,False,True,False,False,False,False,,,,
711061583,HEALTH FORUM,62,62199921,1,0.0,400.0,400,False,True,False,False,False,False,,,,
741492850,ASHE,62,81391002,1,0.0,400.0,400,False,True,False,False,False,False,,,,
261984173,INVENERGY LLC,42,32799302,1,0.0,400.0,400,False,True,False,False,False,False,,,,
725135456,SAPIENT RAZORFISH INC,54,54181014,1,0.0,400.0,400,False,True,False,False,False,False,,,,
690907381,SIMS METAL MANAGEMENT MIDWEST,42,42393017,2,0.0,400.0,300,False,True,False,False,False,False,,,,
733930219,CHICAGO NEIGHBORHOOD RELATIONS,92,92119001,1,0.0,400.0,400,False,True,False,False,False,False,,,,
439853531,EMERGENCY DEPT SWEDISH HOSP,62,62211001,20,2.0,400.0,119,False,True,False,False,False,True,,,,
751407332,CJ VITNER CO,31,31199906,1,0.0,400.0,400,False,True,False,False,False,False,,,,
004727046,CHICK-FIL-A,48,72251117,14,0.0,398.0,100,False,False,False,False,False,False,,,,
830775453,JC PENNEY,44,45211101,5,0.0,394.0,350,False,False,False,False,False,False,,,,
564807360,K & L GATES LLP,,54111002,1,0.0,390.0,390,False,False,False,False,True,False,,,,
577205016,LITTLE CAESARS,72,72251115,21,0.0,388.0,30,False,False,False,False,False,False,,,,
151470952,WILSON SPORTING GOODS CO,33,42391039,5,0.0,388.0,320,False,False,False,False,False,False,,,,
458403615,COMMUNITY COUNSELING CTR-CHI,62,62411004,2,0.0,388.0,318,False,False,False,False,False,False,,,,
969075811,FEDEX FREIGHT,48,48423017,302,257.0,386.0,64,False,False,False,True,False,True,,,,
387746266,AMC RIVER EAST 21,71,51213101,7,0.0,386.0,120,False,False,False,False,False,False,,,,
004707857,MAGGIANO'S LITTLE ITALY,51,72251117,7,0.0,385.0,150,False,False,False,False,False,False,,,,
415552741,ROSENTHAL COLLINS GROUP LLC,44,52314001,3,0.0,382.0,340,False,False,False,False,False,False,,,,
150955599,MORNINGSTAR INC,52,52391001,5,0.0,382.0,139,False,False,False,False,False,False,,,,
427744964,JEWISH UNITED FUND,81,62419012,1,0.0,380.0,380,False,False,False,False,False,False,,,,
801326752,CONSULATE GENERAL OF CANADA,92,92812007,52,0.0,380.0,30,False,False,False,False,False,False,,,,
452172505,LEVY RESTAURANTS INC,72,72231009,15,0.0,380.0,100,False,False,False,False,False,False,,,,
834573883,PROTIVITI,52,54161401,3,0.0,379.0,350,False,False,False,False,False,False,,,,
762003974,WILD FORK,44,44511003,3,0.0,377.0,135,False,False,False,False,False,False,,,,
305504573,TRADER JOE'S,44,44511003,6,0.0,375.0,90,False,False,False,False,False,False,,,,
007696461,FEDERAL RESERVE BANK-CHICAGO,52,52111001,5,0.0,375.0,202,False,False,False,False,False,False,,,,
402775001,PUBLIC AID DEPT,92,92313004,4,0.0,370.0,167,False,False,False,False,False,False,,,,
402851158,ADA S MC KINLEY COMMUNITY SVC,62,62419012,20,0.0,370.0,54,False,False,False,False,False,False,,,,
740177968,COOK COUNTY,,92112008,1,0.0,369.0,369,False,False,False,False,True,False,,,,
466032877,US ARMY CORPS OF ENGINEERS,92,92412003,24,0.0,365.0,103,False,False,False,False,False,False,,,,
404705436,GENSLER,23,54131001,1,0.0,364.0,364,False,False,False,False,False,False,,,,
425450618,SWEETGREEN,48,72251117,16,0.0,363.0,39,False,False,False,False,False,False,,,,
681184594,CHICAGO REVIEW PRESS,54,51113003,4,0.0,363.0,140,False,False,False,False,False,False,,,,
944028885,HOME RUN INN PIZZA-31ST ST,31,72251115,5,0.0,362.0,250,False,False,False,False,False,False,,,,
307691410,LAZ PARKING,42,81293004,52,0.0,360.0,45,False,False,False,False,False,False,,,,
745717773,UMC,23,81311008,1,0.0,360.0,360,False,False,False,False,False,False,,,,
781674475,FEDERAL SAVINGS BANK,,52211002,2,0.0,359.0,250,False,False,False,False,True,False,,,,
441424496,U.S. BANK BRANCH,52,52211002,30,0.0,359.0,110,False,False,False,False,False,False,,,,
801322819,AMERICAN HOSPITAL ASSN,62,81391002,2,0.0,358.0,350,False,False,False,False,False,False,,,,
465419703,CHICAGO POLICE YOUTH DIV,,92212003,1,0.0,355.0,355,False,False,False,False,True,False,,,,
406283499,THEMART,44,53121003,2,0.0,354.0,350,False,False,False,False,False,False,,,,
443639919,OLD REPUBLIC INTL CORP,52,52429819,4,0.0,354.0,250,False,False,False,False,False,False,,,,
443448477,WASTE MANAGEMENT,56,56211901,5,0.0,353.0,150,False,False,False,False,False,False,,,,
007534316,ALLEGRO ROYAL SONESTA HOTEL,72,72111002,4,0.0,353.0,250,False,False,False,False,False,False,,,,
401339442,HUD REGIONAL OFC,,92112009,1,0.0,350.0,350,False,False,False,False,True,False,,,,
820705606,LUSTER PRODUCTS INC,32,54161303,1,0.0,350.0,350,False,False,False,False,False,False,,,,
465373348,311 OPERATIONS,92,92119001,1,0.0,350.0,350,False,False,False,False,False,False,,,,
255153348,AGB INVESTIGATIVE SVC,56,56161208,1,0.0,350.0,350,False,False,False,False,False,False,,,,
458527330,MCDERMOTT CENTER,,81331908,1,0.0,350.0,350,False,False,False,False,True,False,,,,
465385250,CHICAGO POLICE DEPT,,92212003,1,0.0,350.0,350,False,False,False,False,True,False,,,,
465430411,CHICAGO POLICE DEPT,,92212003,1,0.0,350.0,350,False,False,False,False,True,False,,,,
720230085,CLIMATE GUARD,,44419069,1,0.0,350.0,350,False,False,False,False,True,False,,,,
465389229,CHICAGO POLICE DEPT-2ND DIST,,92212003,1,0.0,350.0,350,False,False,False,False,True,False,,,,
410877844,IMC,,52399902,1,0.0,350.0,350,False,False,False,False,True,False,,,,
230045403,NEAL GERBER & EISENBERG LLP,54,54111002,1,0.0,350.0,350,False,False,False,False,False,False,,,,
891718769,DEERFIELD REVIEW,,51111003,1,0.0,350.0,350,False,False,False,False,True,False,,,,
728536332,MAKEOFFICES AT THE LOOP,53,53131205,1,0.0,350.0,350,False,False,False,False,False,False,,,,
901656256,DEPARTMENT OF WATER MANAGEMENT,22,23711012,1,0.0,350.0,350,False,False,False,False,False,False,,,,
151446218,CURIE METROPOLITAN HIGH SCHOOL,,61111007,1,0.0,350.0,350,False,False,False,False,True,False,,,,
553557653,STATS PERFORM,33,71399045,5,0.0,347.0,180,False,False,False,False,False,False,,,,
433956418,NORTHWESTERN UNIVERSITY,54,61131004,17,1.0,341.0,100,False,False,False,False,False,True,,,,
458453354,LAGROU DISTRIBUTION INC,49,48423013,1,0.0,341.0,341,False,False,False,False,False,False,,,,
312704950,COLUMBIA PIPE & SUPPLY CO,42,23829017,1,0.0,340.0,340,False,False,False,False,False,False,,,,
421712805,COREPOWER YOGA,81,61169914,14,0.0,338.0,50,False,False,False,False,False,False,,,,
608560488,HH GLOBAL,54,42343001,2,0.0,336.0,249,False,False,False,False,False,False,,,,
732050827,GREEN THUMB INDUSTRIES INC,33,11199811,1,0.0,334.0,334,False,False,False,False,False,False,,,,
007526718,NEWELL BRANDS,54,32619913,2,0.0,326.0,301,False,False,False,False,False,False,,,,
448939041,CHICAGO POLICE DEPT,92,92212003,1,0.0,325.0,325,False,False,False,False,False,False,,,,
417463601,PAUL H SCHWENDENER INC,,23611505,1,0.0,325.0,325,False,False,False,False,True,False,,,,
439218696,ENDOCRINE & DIABETES ASSOC S C,,62111107,1,0.0,324.0,324,False,False,False,False,True,False,,,,
233439967,FEDERAL EMERGENCY MGMT AGCY,92,92219005,6,0.0,324.0,120,False,False,False,False,False,False,,,,
439901798,HERTZ,48,53211101,19,0.0,323.0,250,False,False,False,False,False,False,,,,
448172270,CATHOLIC CHARITIES,62,81331104,16,0.0,322.0,101,False,False,False,False,False,False,,,,
007517907,FITCH RATINGS,81,56145003,4,0.0,322.0,220,False,False,False,False,False,False,,,,
465387439,CHICAGO ELECTRICITY BUREAU,,92112006,1,0.0,320.0,320,False,False,False,False,True,False,,,,
556851913,SHRINERS HOSPITALS FOR CHLDRN,62,62211002,1,0.0,320.0,320,False,False,False,False,False,False,,,,
242702603,NCSA COLLEGE RECRUITING,52,54161105,1,0.0,317.0,317,False,False,False,False,False,False,,,,
400920153,RADISSON BLU AQUA HOTEL CHCG,72,72111002,7,0.0,317.0,166,False,False,False,False,False,False,,,,
200083962,HOLCIM US,42,32731001,3,0.0,315.0,299,False,False,False,False,False,False,,,,
146383393,L & W SUPPLY CORP,42,44411001,2,0.0,315.0,300,False,False,False,False,False,False,,,,
441363553,KAUFMAN HALL & ASSOC LLC,54,54161823,16,0.0,315.0,200,False,False,False,False,False,False,,,,
465380962,CHICAGO POLICE DEPT,92,92212003,1,0.0,310.0,310,False,False,False,False,False,False,,,,
001547116,MOBIL,44,44719005,58,0.0,310.0,25,False,False,False,False,False,False,,,,
844188607,LENSCRAFTERS,44,44613003,42,0.0,309.0,35,False,False,False,False,False,False,,,,
533734497,TRADING TECHNOLOGIES INTL INC,42,51121005,2,0.0,309.0,300,False,False,False,False,False,False,,,,
002689735,HICKORY FARMS LLC,45,44529912,2,0.0,309.0,300,False,False,False,False,False,False,,,,
004354858,KELLANOVA,31,42442005,4,0.0,308.0,280,False,False,False,False,False,False,,,,
415525999,LOFT STORES,44,44814001,22,0.0,305.0,32,False,False,False,False,False,False,,,,
906730205,UNIVISION NETWORK,31,51512001,3,0.0,305.0,150,False,False,False,False,False,False,,,,
001329960,DENTONS US LLP,,54111002,2,0.0,305.0,300,False,False,False,False,True,False,,,,
415353372,RJ O'BRIEN & ASSOC LLC,52,81391004,2,0.0,305.0,300,False,False,False,False,False,False,,,,
586647802,HAVAS CHICAGO,54,54181001,2,0.0,304.0,300,False,False,False,False,False,False,,,,
848980504,BAKER TILLY US LLP,52,54121101,2,0.0,304.0,300,False,False,False,False,False,False,,,,
433491558,LAKESHORE RECYCLING SYSTS LLC,56,42393017,3,0.0,303.0,270,False,False,False,False,False,False,,,,
409256900,GARRETT BRANDS LLC,44,44529206,17,0.0,303.0,89,False,False,False,False,False,False,,,,
150828192,CRAMER-KRASSELT,54,54181003,2,0.0,302.0,275,False,False,False,False,False,False,,,,
315646851,FOREST EDGE HEALTHCARE-RHBLTN,99,62311016,1,0.0,301.0,301,False,False,False,False,True,False,,,,
610961070,CLIMATEGUARD FACTORY & SHOWRM,,44419069,1,0.0,301.0,301,False,False,False,False,True,False,,,,
005767892,CALMARK GROUP,56,54186002,1,0.0,300.0,300,False,True,False,False,False,False,,,,
355407735,OCE NA,,72251117,1,0.0,300.0,300,False,True,False,False,True,False,,,,
572812675,CHICAGO POLICE PUBLIC TRNSPRTN,,92212003,1,0.0,300.0,300,False,True,False,False,True,False,,,,
417185606,CTC LLC,44,52399902,1,0.0,300.0,300,False,True,False,False,False,False,,,,
407420385,RUBIN BROTHERS INC,42,44814001,1,0.0,300.0,300,False,True,False,False,False,False,,,,
417557881,LABORATORY SCHOOLS,,61111007,1,0.0,300.0,300,False,True,False,False,True,False,,,,
448954925,CHICAGO POLICE DEPT,,92212003,1,0.0,300.0,300,False,True,False,False,True,False,,,,
417212800,BLUE PLATE CATERING,72,72232001,1,0.0,300.0,300,False,True,False,False,False,False,,,,
754675556,PRIMERA ENGINEERS LTD,52,54133016,1,0.0,300.0,300,False,True,False,False,False,False,,,,
357455013,NIXON PEABODY LLP,,54111002,1,0.0,300.0,300,False,True,False,False,True,False,,,,
003444775,HARTGROVE BEHAVIORAL HEALTH,62,62211002,2,1.0,300.0,300,False,True,False,False,False,True,,,,
641550918,LOGAN SQUARE BUILDING MATERIAL,,23622005,1,0.0,300.0,300,False,True,False,False,True,False,,,,
151553286,JESUS PEOPLE USA,81,81311008,1,0.0,300.0,300,False,True,False,False,False,False,,,,
507636538,BREAKERS AT EDGEWATER BEACH,62,62331206,22,0.0,300.0,90,False,True,False,False,False,False,,,,
426652262,CHICAGO CITY STREETS & SAND,,56211901,1,0.0,300.0,300,False,True,False,False,True,False,,,,
448899575,CHICAGO POLICE DEPT 19TH DIST,,92212003,1,0.0,300.0,300,False,True,False,False,True,False,,,,
404916216,CASA CENTRAL,62,42345017,1,0.0,300.0,300,False,True,False,False,False,False,,,,
853720100,HEITMAN LLC,52,53121004,1,0.0,300.0,300,False,True,False,False,False,False,,,,
975644899,CHICAGO POLICE DEPT,,92212003,1,0.0,300.0,300,False,True,False,False,True,False,,,,
311192439,CHICAGO MEAT AUTHORITY INC,31,,1,0.0,300.0,300,False,True,False,False,False,False,,,,
706278292,KEHOE DESIGNS,54,23611808,1,0.0,300.0,300,False,True,False,False,False,False,,,,
478724032,MENASHA PACKAGING,54,56191002,1,0.0,300.0,300,False,True,False,False,False,False,,,,
458524196,GCM GROSVENOR INC,52,56111022,1,0.0,300.0,300,False,True,False,False,False,False,,,,
403705232,CHICAGO CITY HALL,92,92112001,1,0.0,300.0,300,False,True,False,False,False,False,,,,
402472455,MERCEDES-BENZ OF CHICAGO SVC,81,44132001,1,0.0,300.0,300,False,True,False,False,False,False,,,,
507680353,CHICAGO SYMPHONY ORCHESTRA,71,,1,0.0,300.0,300,False,True,False,False,False,False,,,,
425742553,ILLINOIS HOUSING DEVMNT AUTH,92,53131106,1,0.0,300.0,300,False,True,False,False,False,False,,,,
248950750,CHICAGO PARK DISTRICT,92,71219004,1,0.0,300.0,300,False,True,False,False,False,False,,,,
475661187,PACELLA TRUCKING EXPRESS INC,,48423013,1,0.0,300.0,300,False,True,False,False,True,False,,,,
397347626,CHICAGO POLICE DEPT,,92212003,1,0.0,300.0,300,False,True,False,False,True,False,,,,
151176708,CHICAGO YACHT CLUB,44,44122225,1,0.0,300.0,300,False,True,False,False,False,False,,,,
610808164,MCCALLA RAYMER LEIBERT-PIERCE,,54111002,1,0.0,300.0,300,False,True,False,False,True,False,,,,
465405017,CHICAGO POLICE DEPT,92,92212003,1,0.0,300.0,300,False,True,False,False,False,False,,,,
671176964,UNITED MAINTENANCE CO INC,48,23899052,6,0.0,300.0,50,False,True,False,False,False,False,,,,
730741843,MEDVET CHICAGO,54,54194009,1,0.0,300.0,300,False,True,False,False,False,False,,,,
427445175,MINTEL,,54161303,1,0.0,300.0,300,False,True,False,False,True,False,,,,
008698318,SMITH VILLAGE,62,62331206,1,0.0,300.0,300,False,True,False,False,False,False,,,,
383469376,CRESCENT CLEANING CO,56,56172003,1,0.0,300.0,300,False,True,False,False,False,False,,,,
721781950,SAC WIRELESS LLC,23,51791916,1,0.0,300.0,300,False,True,False,False,False,False,,,,
721488750,AXA ASSISTANCE USA INC,52,52429201,1,0.0,300.0,300,False,True,False,False,False,False,,,,
724278431,JAMESON REALTY GROUP,,53121003,1,0.0,300.0,300,False,True,False,False,True,False,,,,
416863663,SMITH WJ SENIOR LIVING,,62139920,1,0.0,300.0,300,False,True,False,False,True,False,,,,
902096031,CROWELL & MORING LLP,,54111002,1,0.0,300.0,300,False,True,False,False,True,False,,,,
725593926,WATER MANAGEMENT DEPT,92,92613001,1,0.0,300.0,300,False,True,False,False,False,False,,,,
475672978,ARCHDIOCESAN PASTORAL CTR,,81311021,1,0.0,300.0,300,False,True,False,False,True,False,,,,
748302061,FERRARN CANDY CO,,44529202,1,0.0,300.0,300,False,True,False,False,True,False,,,,
738210815,IL HOUSING DEV AUTH,92,23721007,1,0.0,300.0,300,False,True,False,False,False,False,,,,
517549762,KOCH FOODS INC,11,31161501,1,0.0,300.0,300,False,True,False,False,False,False,,,,
001331255,LYRIC OPERA OF CHICAGO,71,71111002,1,0.0,300.0,300,False,True,False,False,False,False,,,,
151082393,WARREN BAR PAVILION LLC,62,56111022,1,0.0,300.0,300,False,True,False,False,False,False,,,,
945228930,CHICAGO BEVERAGE SYSTEMS LLC,42,42481001,1,0.0,300.0,300,False,True,False,False,False,False,,,,
151183977,LAKESHORE SPORTS & FITNESS,71,71394011,1,0.0,300.0,300,False,True,False,False,False,False,,,,
151216249,ST AGNES HEALTH CARE & REHAB,,62311016,1,0.0,300.0,300,False,True,False,False,True,False,,,,
738755303,US DISTRICT COURT,,92211004,1,0.0,300.0,300,False,True,False,False,True,False,,,,
001332527,CHICAGO CUBS,71,71121103,4,0.0,298.0,112,False,False,False,False,False,False,,,,
902105808,KATTEN MUCHIN ROSENMAN LLP,51,54111002,1,0.0,294.0,294,False,False,False,False,False,False,,,,
439811391,MAUSER SMALL PACKAGING,32,33243907,5,0.0,294.0,200,False,False,False,False,False,False,,,,
736153458,YOGASIX,81,61169914,39,0.0,291.0,40,False,False,False,False,False,False,,,,
820549038,PERYAM & KROLL RESEARCH,56,54191003,1,0.0,290.0,290,False,False,False,False,False,False,,,,
581304086,REED SMITH LLP,,54111002,1,0.0,290.0,290,False,False,False,False,True,False,,,,
151513876,CHICAGO MIDWAY INTL AIRPORT,48,48811907,1,0.0,288.0,288,False,False,False,False,False,False,,,,
266392810,HOUSE OF BLUES,72,71131001,3,0.0,287.0,200,False,False,False,False,False,False,,,,
820310571,ROSWELL B MASON ELEMENTARY SCH,,61111007,1,0.0,287.0,287,False,False,False,False,True,False,,,,
120724273,ANTHROPOLOGIE,31,44812010,15,0.0,287.0,50,False,False,False,False,False,False,,,,
217498831,WOW BAO AIRPORT,72,72251117,10,0.0,286.0,139,False,False,False,False,False,False,,,,
440205837,MISSION OF OUR LADY OF MERCY,81,62331205,1,0.0,284.0,284,False,False,False,False,False,False,,,,
418161865,METRO INFUSION CTR,62,62149301,9,0.0,282.0,102,False,False,False,False,False,False,,,,
579167651,THOUGHTWORKS INC,54,51121005,6,0.0,282.0,165,False,False,False,False,False,False,,,,
448930537,CHICAGO POLICE DEPT,,92212003,1,0.0,280.0,280,False,False,False,False,True,False,,,,
490518073,FIRST INDUSTRIAL INVESTMENT,53,52392001,3,0.0,280.0,150,False,False,False,False,False,False,,,,
001080373,WORLD'S FINEST CHOCOLATE INC,31,42499042,2,0.0,280.0,275,False,False,False,False,False,False,,,,
448964106,CHICAGO POLICE DEPT,,92212003,1,0.0,280.0,280,False,False,False,False,True,False,,,,
780615038,RAND MCNALLY,51,42512044,1,0.0,280.0,280,False,False,False,False,False,False,,,,
758537360,PORTILLO'S,72,72251117,4,0.0,279.0,200,False,False,False,False,False,False,,,,
548754035,UNCLE JULIO'S,72,72251117,31,0.0,277.0,75,False,False,False,False,False,False,,,,
458442415,AMERICAN LIBRARY ASSN,51,81392006,1,0.0,275.0,275,False,False,False,False,False,False,,,,
433486595,BASIS GLOBAL TECHNOLOGIES INC,51,54169068,2,0.0,274.0,271,False,False,False,False,False,False,,,,
230136293,GOLD EAGLE CO,32,32311156,1,0.0,270.0,270,False,False,False,False,False,False,,,,
448895144,MILLENNIUM HOTEL KNICKERBOCKER,71,72251117,1,0.0,270.0,270,False,False,False,False,False,False,,,,
150822039,ALZHEIMER'S ASSOCIATION,62,62412001,3,0.0,269.0,225,False,False,False,False,False,False,,,,
007501786,SUNTORY GLOBAL SPIRITS INC,31,42482003,3,0.0,267.0,260,False,False,False,False,False,False,,,,
896181807,TRUEBLUE OUTSOURCING SOLUTION,54,56132001,8,0.0,267.0,146,False,False,False,False,False,False,,,,
858758287,CRATE & BARREL,42,44211012,3,0.0,266.0,150,False,False,False,False,False,False,,,,
990154890,RML SPECIALTY HOSPITAL,62,62211002,1,0.0,265.0,265,False,False,False,False,False,False,,,,
817428397,EXIT STRATEGY REALTY,,53121003,3,0.0,265.0,260,False,False,False,False,True,False,,,,
153236104,CLAYCO INC,23,23611505,3,0.0,264.0,250,False,False,False,False,False,False,,,,
975052705,COOK COUNTY RECORDER,,92112007,1,0.0,262.0,262,False,False,False,False,True,False,,,,
949005607,BYLINE BANK,99,52211002,21,0.0,261.0,60,False,False,False,False,True,False,,,,
712436030,STANTEC,56,54133011,2,0.0,261.0,250,False,False,False,False,False,False,,,,
832533830,ZIEGLER CO INC,52,52393002,3,0.0,260.0,100,False,False,False,False,False,False,,,,
441363983,MORTON SALT INC,54,44529924,2,0.0,260.0,250,False,False,False,False,False,False,,,,
146123021,ALSCO INC,42,31499924,1,0.0,260.0,260,False,False,False,False,False,False,,,,
008698201,SOMERSET PLACE APARTMENTS,53,53111002,1,0.0,260.0,260,False,False,False,False,False,False,,,,
402836035,EPSTEIN,54,54141003,2,0.0,258.0,250,False,False,False,False,False,False,,,,
006518781,PERKINS & WILL,54,54131001,3,0.0,258.0,248,False,False,False,False,False,False,,,,
395177793,MARCUS EVANS LTD,54,51919019,3,0.0,258.0,250,False,False,False,False,False,False,,,,
452179021,PANDA EXPRESS,72,72251117,18,0.0,257.0,30,False,False,False,False,False,False,,,,
151577616,SCHURZ HIGH SCHOOL,,61111007,1,0.0,257.0,257,False,False,False,False,True,False,,,,
491353793,CULVER'S,72,72251117,8,0.0,256.0,90,False,False,False,False,False,False,,,,
209065606,HURON CONSULTING GROUP INC,62,54161401,2,0.0,254.0,250,False,False,False,False,False,False,,,,
151346095,BETHEL NEW LIFE INC,48,81311021,1,0.0,251.0,251,False,False,False,False,False,False,,,,
635388028,AMALGAMATED BANK OF CHICAGO,52,52211002,2,0.0,251.0,190,False,False,False,False,False,False,,,,
553529223,BSWIFT,52,51121005,1,0.0,250.0,250,False,False,False,False,False,False,,,,
593071095,CHICAGO BOARD OF PUBLIC HEALTH,62,92312001,1,0.0,250.0,250,False,False,False,False,False,False,,,,
949005573,TFORCE FREIGHT,48,48423017,1,0.0,250.0,250,False,False,False,False,False,False,,,,
151260676,UHLICH CHILDREN'S HOME,62,62441003,1,0.0,250.0,250,False,False,False,False,False,False,,,,
820021061,GIBSONS BAR & STEAKHOUSE,72,72251117,1,0.0,250.0,250,False,False,False,False,False,False,,,,
008290355,OLD DOMINION,48,48423017,1,0.0,250.0,250,False,False,False,False,False,False,,,,
975051715,COOK COUNTY HIGHWAY DEPT,92,23731004,1,0.0,250.0,250,False,False,False,False,False,False,,,,
669864019,KCURA CORP,,54151105,1,0.0,250.0,250,False,False,False,False,True,False,,,,
820496941,ELI'S CHEESECAKE,31,31181102,1,0.0,250.0,250,False,False,False,False,False,False,,,,
448872242,COOK COUNTY PUBLIC DEFENDER,,92213002,1,0.0,250.0,250,False,False,False,False,True,False,,,,
741422468,WFLD CHANNEL 32,,51512001,1,0.0,250.0,250,False,False,False,False,True,False,,,,
402475531,ROBERT J SEMRAD & ASSOC LLC,54,54119906,1,0.0,250.0,250,False,False,False,False,False,False,,,,
669878324,SOL SIMPLE,,42449030,1,0.0,250.0,250,False,False,False,False,True,False,,,,
402848469,LINCOLN PARK HIGH SCHOOL,,61111007,1,0.0,250.0,250,False,False,False,False,True,False,,,,
835334203,STEPHEN M PARLIER-MORGAN STNLY,52,52311002,1,0.0,250.0,250,False,False,False,False,False,False,,,,
459364568,USA VEIN CLINICS,62,62149301,5,0.0,250.0,50,False,False,False,False,False,False,,,,
749080661,FIVE STAR LAUNDRY-CHICAGO LLC,81,81232019,1,0.0,250.0,250,False,False,False,False,False,False,,,,
151615838,CJE SENIORLIFE,62,52421001,1,0.0,250.0,250,False,False,False,False,False,False,,,,
230003592,UNITED WAY-METRO CHICAGO,81,62419012,1,0.0,250.0,250,False,False,False,False,False,False,,,,
151369220,THEODORE ROOSEVELT HIGH SCHOOL,,61111007,1,0.0,250.0,250,False,False,False,False,True,False,,,,
421784207,CHICAGO BOARD-ELECTION,92,92119001,1,0.0,250.0,250,False,False,False,False,False,False,,,,
151703428,WILLIAM J BOGAN HIGH SCHOOL,,61111007,1,0.0,250.0,250,False,False,False,False,True,False,,,,
820638781,WILLIAM HOWARD TAFT HIGH SCH,,61111007,1,0.0,250.0,250,False,False,False,False,True,False,,,,
151710951,CENTERS FOR NEW HORIZONS INC,62,62419011,1,0.0,250.0,250,False,False,False,False,False,False,,,,
247376916,BELMONT HOME DECOR,54,44229101,1,0.0,250.0,250,False,False,False,False,False,False,,,,
736479471,TOOTSIE ROLL IND,42,31135201,1,0.0,250.0,250,False,False,False,False,False,False,,,,
406444539,CANNONDESIGN,54,54131013,1,0.0,250.0,250,False,False,False,False,False,False,,,,
746258145,SPACES-LINCOLN PARK-CHICAGO,,53121003,1,0.0,250.0,250,False,False,False,False,True,False,,,,
