data_year,geography,unit,sample,threshold,n_units,n_at_threshold,n_neighbours,spike_ratio
2018,chicago,establishment,all,40,96084,471,38,24.789473684210527
2018,chicago,establishment,all,50,96084,692,117,11.82905982905983
2018,chicago,establishment,all,60,96084,296,19,31.157894736842106
2018,chicago,establishment,rows,40,41076,423,36,23.5
2018,chicago,establishment,rows,50,41076,611,105,11.638095238095238
2018,chicago,establishment,rows,60,41076,275,14,39.285714285714285
2018,chicago,firm,all,40,87856,384,32,24.0
2018,chicago,firm,all,50,87856,559,107,10.448598130841122
2018,chicago,firm,all,60,87856,237,16,29.625
2018,chicago,firm,rows,40,36206,346,31,22.322580645161292
2018,chicago,firm,rows,50,36206,509,100,10.18
2018,chicago,firm,rows,60,36206,223,11,40.54545454545455
2018,chicago,firm,firms,40,35430,341,25,27.28
2018,chicago,firm,firms,50,35430,496,97,10.22680412371134
2018,chicago,firm,firms,60,35430,217,9,48.22222222222222
2018,cook_ex_chicago,establishment,all,40,102045,621,57,21.789473684210527
2018,cook_ex_chicago,establishment,all,50,102045,905,95,19.05263157894737
2018,cook_ex_chicago,establishment,all,60,102045,365,22,33.18181818181818
2018,cook_ex_chicago,establishment,rows,40,46845,530,56,18.928571428571427
2018,cook_ex_chicago,establishment,rows,50,46845,796,88,18.09090909090909
2018,cook_ex_chicago,establishment,rows,60,46845,324,9,72.0
2018,cook_ex_chicago,firm,all,40,90408,478,40,23.9
2018,cook_ex_chicago,firm,all,50,90408,706,87,16.229885057471265
2018,cook_ex_chicago,firm,all,60,90408,292,32,18.25
2018,cook_ex_chicago,firm,rows,40,39479,430,36,23.88888888888889
2018,cook_ex_chicago,firm,rows,50,39479,632,83,15.228915662650602
2018,cook_ex_chicago,firm,rows,60,39479,269,16,33.625
2018,cook_ex_chicago,firm,firms,40,38642,420,29,28.96551724137931
2018,cook_ex_chicago,firm,firms,50,38642,619,81,15.283950617283951
2018,cook_ex_chicago,firm,firms,60,38642,260,12,43.333333333333336
2018,illinois_ex_cook,establishment,all,40,313822,1794,159,22.566037735849058
2018,illinois_ex_cook,establishment,all,50,313822,2270,261,17.39463601532567
2018,illinois_ex_cook,establishment,all,60,313822,1069,85,25.152941176470588
2018,illinois_ex_cook,establishment,rows,40,167200,1542,137,22.51094890510949
2018,illinois_ex_cook,establishment,rows,50,167200,2048,216,18.962962962962962
2018,illinois_ex_cook,establishment,rows,60,167200,931,51,36.509803921568626
2018,illinois_ex_cook,firm,all,40,270239,1299,111,23.405405405405407
2018,illinois_ex_cook,firm,all,50,270239,1659,211,15.725118483412322
2018,illinois_ex_cook,firm,all,60,270239,783,85,18.423529411764704
2018,illinois_ex_cook,firm,rows,40,137214,1144,94,24.340425531914892
2018,illinois_ex_cook,firm,rows,50,137214,1545,187,16.524064171122994
2018,illinois_ex_cook,firm,rows,60,137214,683,50,27.32
2018,illinois_ex_cook,firm,firms,40,135341,1130,90,25.11111111111111
2018,illinois_ex_cook,firm,firms,50,135341,1530,178,17.191011235955056
2018,illinois_ex_cook,firm,firms,60,135341,668,42,31.80952380952381
2019,chicago,establishment,all,40,101750,486,33,29.454545454545453
2019,chicago,establishment,all,50,101750,681,116,11.741379310344827
2019,chicago,establishment,all,60,101750,299,20,29.9
2019,chicago,establishment,rows,40,41360,439,32,27.4375
2019,chicago,establishment,rows,50,41360,598,105,11.39047619047619
2019,chicago,establishment,rows,60,41360,280,16,35.0
2019,chicago,firm,all,40,93515,394,35,22.514285714285716
2019,chicago,firm,all,50,93515,545,105,10.380952380952381
2019,chicago,firm,all,60,93515,239,18,26.555555555555557
2019,chicago,firm,rows,40,36642,364,30,24.266666666666666
2019,chicago,firm,rows,50,36642,499,101,9.881188118811881
2019,chicago,firm,rows,60,36642,221,15,29.466666666666665
2019,chicago,firm,firms,40,35853,358,22,32.54545454545455
2019,chicago,firm,firms,50,35853,482,95,10.147368421052631
2019,chicago,firm,firms,60,35853,215,12,35.833333333333336
2019,cook_ex_chicago,establishment,all,40,101103,605,58,20.862068965517242
2019,cook_ex_chicago,establishment,all,50,101103,893,87,20.528735632183906
2019,cook_ex_chicago,establishment,all,60,101103,348,19,36.63157894736842
2019,cook_ex_chicago,establishment,rows,40,45200,513,53,19.358490566037737
2019,cook_ex_chicago,establishment,rows,50,45200,776,84,18.476190476190474
2019,cook_ex_chicago,establishment,rows,60,45200,311,7,88.85714285714286
2019,cook_ex_chicago,firm,all,40,90008,459,42,21.857142857142858
2019,cook_ex_chicago,firm,all,50,90008,699,83,16.843373493975903
2019,cook_ex_chicago,firm,all,60,90008,283,32,17.6875
2019,cook_ex_chicago,firm,rows,40,38326,404,38,21.263157894736842
2019,cook_ex_chicago,firm,rows,50,38326,627,79,15.873417721518987
2019,cook_ex_chicago,firm,rows,60,38326,261,14,37.285714285714285
2019,cook_ex_chicago,firm,firms,40,37499,397,31,25.612903225806452
2019,cook_ex_chicago,firm,firms,50,37499,610,75,16.266666666666666
2019,cook_ex_chicago,firm,firms,60,37499,250,12,41.666666666666664
2019,illinois_ex_cook,establishment,all,40,311811,1790,153,23.398692810457515
2019,illinois_ex_cook,establishment,all,50,311811,2238,257,17.41634241245136
2019,illinois_ex_cook,establishment,all,60,311811,1058,82,25.804878048780488
2019,illinois_ex_cook,establishment,rows,40,163687,1536,130,23.630769230769232
2019,illinois_ex_cook,establishment,rows,50,163687,2015,207,19.468599033816425
2019,illinois_ex_cook,establishment,rows,60,163687,926,49,37.795918367346935
2019,illinois_ex_cook,firm,all,40,269259,1280,109,23.486238532110093
2019,illinois_ex_cook,firm,all,50,269259,1651,214,15.429906542056075
2019,illinois_ex_cook,firm,all,60,269259,767,88,17.431818181818183
2019,illinois_ex_cook,firm,rows,40,135283,1141,87,26.229885057471265
2019,illinois_ex_cook,firm,rows,50,135283,1543,181,17.049723756906076
2019,illinois_ex_cook,firm,rows,60,135283,684,48,28.5
2019,illinois_ex_cook,firm,firms,40,133344,1120,82,27.317073170731707
2019,illinois_ex_cook,firm,firms,50,133344,1525,173,17.63005780346821
2019,illinois_ex_cook,firm,firms,60,133344,661,43,30.74418604651163
2020,chicago,establishment,all,40,101830,480,32,30.0
2020,chicago,establishment,all,50,101830,669,122,10.967213114754099
2020,chicago,establishment,all,60,101830,305,20,30.5
2020,chicago,establishment,rows,40,39709,428,30,28.533333333333335
2020,chicago,establishment,rows,50,39709,582,104,11.192307692307692
2020,chicago,establishment,rows,60,39709,286,15,38.13333333333333
2020,chicago,firm,all,40,92695,393,32,24.5625
2020,chicago,firm,all,50,92695,530,100,10.6
2020,chicago,firm,all,60,92695,237,19,24.94736842105263
2020,chicago,firm,rows,40,34791,356,29,24.551724137931036
2020,chicago,firm,rows,50,34791,481,98,9.816326530612244
2020,chicago,firm,rows,60,34791,222,13,34.15384615384615
2020,chicago,firm,firms,40,33974,348,21,33.142857142857146
2020,chicago,firm,firms,50,33974,462,90,10.266666666666667
2020,chicago,firm,firms,60,33974,216,10,43.2
2020,cook_ex_chicago,establishment,all,40,103904,616,57,21.614035087719298
2020,cook_ex_chicago,establishment,all,50,103904,878,88,19.954545454545453
2020,cook_ex_chicago,establishment,all,60,103904,333,18,37.0
2020,cook_ex_chicago,establishment,rows,40,43877,512,52,19.692307692307693
2020,cook_ex_chicago,establishment,rows,50,43877,761,80,19.025
2020,cook_ex_chicago,establishment,rows,60,43877,300,7,85.71428571428571
2020,cook_ex_chicago,firm,all,40,91939,461,40,23.05
2020,cook_ex_chicago,firm,all,50,91939,669,86,15.55813953488372
2020,cook_ex_chicago,firm,all,60,91939,267,34,15.705882352941176
2020,cook_ex_chicago,firm,rows,40,36845,407,34,23.941176470588236
2020,cook_ex_chicago,firm,rows,50,36845,603,76,15.868421052631579
2020,cook_ex_chicago,firm,rows,60,36845,245,12,40.833333333333336
2020,cook_ex_chicago,firm,firms,40,35984,398,29,27.448275862068964
2020,cook_ex_chicago,firm,firms,50,35984,583,72,16.194444444444443
2020,cook_ex_chicago,firm,firms,60,35984,239,10,47.8
2020,illinois_ex_cook,establishment,all,40,309991,1814,153,23.712418300653596
2020,illinois_ex_cook,establishment,all,50,309991,2184,254,17.19685039370079
2020,illinois_ex_cook,establishment,all,60,309991,1035,83,24.93975903614458
2020,illinois_ex_cook,establishment,rows,40,157607,1537,126,24.396825396825395
2020,illinois_ex_cook,establishment,rows,50,157607,1983,202,19.633663366336634
2020,illinois_ex_cook,establishment,rows,60,157607,923,50,36.92
2020,illinois_ex_cook,firm,all,40,264438,1250,109,22.93577981651376
2020,illinois_ex_cook,firm,all,50,264438,1581,214,14.77570093457944
2020,illinois_ex_cook,firm,all,60,264438,742,94,15.787234042553191
2020,illinois_ex_cook,firm,rows,40,128401,1122,97,23.1340206185567
2020,illinois_ex_cook,firm,rows,50,128401,1491,174,17.137931034482758
2020,illinois_ex_cook,firm,rows,60,128401,677,57,23.75438596491228
2020,illinois_ex_cook,firm,firms,40,126424,1101,83,26.53012048192771
2020,illinois_ex_cook,firm,firms,50,126424,1470,167,17.604790419161677
2020,illinois_ex_cook,firm,firms,60,126424,656,45,29.155555555555555
2021,chicago,establishment,all,40,106056,492,35,28.114285714285714
2021,chicago,establishment,all,50,106056,665,120,11.083333333333334
2021,chicago,establishment,all,60,106056,299,17,35.1764705882353
2021,chicago,establishment,rows,40,39482,428,33,25.939393939393938
2021,chicago,establishment,rows,50,39482,577,98,11.775510204081632
2021,chicago,establishment,rows,60,39482,284,13,43.69230769230769
2021,chicago,firm,all,40,96684,391,40,19.55
2021,chicago,firm,all,50,96684,527,99,10.646464646464647
2021,chicago,firm,all,60,96684,227,22,20.636363636363637
2021,chicago,firm,rows,40,34589,351,32,21.9375
2021,chicago,firm,rows,50,34589,474,93,10.193548387096774
2021,chicago,firm,rows,60,34589,223,12,37.166666666666664
2021,chicago,firm,firms,40,33708,345,24,28.75
2021,chicago,firm,firms,50,33708,457,86,10.627906976744185
2021,chicago,firm,firms,60,33708,215,10,43.0
2021,cook_ex_chicago,establishment,all,40,107277,617,55,22.436363636363637
2021,cook_ex_chicago,establishment,all,50,107277,874,91,19.208791208791208
2021,cook_ex_chicago,establishment,all,60,107277,321,19,33.78947368421053
2021,cook_ex_chicago,establishment,rows,40,43395,506,51,19.84313725490196
2021,cook_ex_chicago,establishment,rows,50,43395,743,85,17.48235294117647
2021,cook_ex_chicago,establishment,rows,60,43395,286,7,81.71428571428571
2021,cook_ex_chicago,firm,all,40,95108,454,38,23.894736842105264
2021,cook_ex_chicago,firm,all,50,95108,665,89,14.9438202247191
2021,cook_ex_chicago,firm,all,60,95108,255,35,14.571428571428571
2021,cook_ex_chicago,firm,rows,40,36452,402,34,23.647058823529413
2021,cook_ex_chicago,firm,rows,50,36452,579,77,15.03896103896104
2021,cook_ex_chicago,firm,rows,60,36452,237,9,52.666666666666664
2021,cook_ex_chicago,firm,firms,40,35550,389,28,27.785714285714285
2021,cook_ex_chicago,firm,firms,50,35550,560,72,15.555555555555555
2021,cook_ex_chicago,firm,firms,60,35550,227,9,50.44444444444444
2021,illinois_ex_cook,establishment,all,40,317967,1844,152,24.263157894736842
2021,illinois_ex_cook,establishment,all,50,317967,2199,270,16.288888888888888
2021,illinois_ex_cook,establishment,all,60,317967,1048,83,25.253012048192772
2021,illinois_ex_cook,establishment,rows,40,156668,1534,123,24.943089430894307
2021,illinois_ex_cook,establishment,rows,50,156668,1974,209,18.88995215311005
2021,illinois_ex_cook,establishment,rows,60,156668,927,46,40.30434782608695
2021,illinois_ex_cook,firm,all,40,271084,1260,111,22.7027027027027
2021,illinois_ex_cook,firm,all,50,271084,1573,231,13.619047619047619
2021,illinois_ex_cook,firm,all,60,271084,746,94,15.872340425531915
2021,illinois_ex_cook,firm,rows,40,127176,1112,97,22.927835051546392
2021,illinois_ex_cook,firm,rows,50,127176,1468,180,16.31111111111111
2021,illinois_ex_cook,firm,rows,60,127176,677,57,23.75438596491228
2021,illinois_ex_cook,firm,firms,40,125068,1085,83,26.14457831325301
2021,illinois_ex_cook,firm,firms,50,125068,1451,170,17.070588235294117
2021,illinois_ex_cook,firm,firms,60,125068,656,43,30.511627906976745
2022,chicago,establishment,all,40,104249,483,35,27.6
2022,chicago,establishment,all,50,104249,656,118,11.11864406779661
2022,chicago,establishment,all,60,104249,310,15,41.333333333333336
2022,chicago,establishment,rows,40,39236,422,33,25.575757575757574
2022,chicago,establishment,rows,50,39236,577,99,11.656565656565656
2022,chicago,establishment,rows,60,39236,295,12,49.166666666666664
2022,chicago,firm,all,40,95139,379,45,16.844444444444445
2022,chicago,firm,all,50,95139,517,100,10.34
2022,chicago,firm,all,60,95139,236,22,21.454545454545453
2022,chicago,firm,rows,40,34468,345,29,23.79310344827586
2022,chicago,firm,rows,50,34468,470,91,10.32967032967033
2022,chicago,firm,rows,60,34468,229,14,32.714285714285715
2022,chicago,firm,firms,40,33563,340,23,29.565217391304348
2022,chicago,firm,firms,50,33563,454,86,10.55813953488372
2022,chicago,firm,firms,60,33563,222,10,44.4
2022,cook_ex_chicago,establishment,all,40,108079,623,51,24.431372549019606
2022,cook_ex_chicago,establishment,all,50,108079,879,88,19.977272727272727
2022,cook_ex_chicago,establishment,all,60,108079,314,19,33.05263157894737
2022,cook_ex_chicago,establishment,rows,40,43635,504,49,20.571428571428573
2022,cook_ex_chicago,establishment,rows,50,43635,751,83,18.096385542168676
2022,cook_ex_chicago,establishment,rows,60,43635,278,6,92.66666666666667
2022,cook_ex_chicago,firm,all,40,96024,452,39,23.17948717948718
2022,cook_ex_chicago,firm,all,50,96024,663,86,15.418604651162791
2022,cook_ex_chicago,firm,all,60,96024,248,39,12.717948717948717
2022,cook_ex_chicago,firm,rows,40,36719,395,31,25.483870967741936
2022,cook_ex_chicago,firm,rows,50,36719,579,79,14.658227848101266
2022,cook_ex_chicago,firm,rows,60,36719,224,8,56.0
2022,cook_ex_chicago,firm,firms,40,35785,385,25,30.8
2022,cook_ex_chicago,firm,firms,50,35785,563,73,15.424657534246576
2022,cook_ex_chicago,firm,firms,60,35785,215,8,53.75
2022,illinois_ex_cook,establishment,all,40,316762,1834,149,24.61744966442953
2022,illinois_ex_cook,establishment,all,50,316762,2189,265,16.52075471698113
2022,illinois_ex_cook,establishment,all,60,316762,1051,81,25.950617283950617
2022,illinois_ex_cook,establishment,rows,40,156950,1538,120,25.633333333333333
2022,illinois_ex_cook,establishment,rows,50,156950,1971,209,18.861244019138756
2022,illinois_ex_cook,establishment,rows,60,156950,938,47,39.91489361702128
2022,illinois_ex_cook,firm,all,40,270220,1258,110,22.87272727272727
2022,illinois_ex_cook,firm,all,50,270220,1546,235,13.157446808510638
2022,illinois_ex_cook,firm,all,60,270220,740,93,15.913978494623656
2022,illinois_ex_cook,firm,rows,40,127457,1124,93,24.172043010752688
2022,illinois_ex_cook,firm,rows,50,127457,1457,183,15.923497267759563
2022,illinois_ex_cook,firm,rows,60,127457,687,54,25.444444444444443
2022,illinois_ex_cook,firm,firms,40,125219,1094,78,28.05128205128205
2022,illinois_ex_cook,firm,firms,50,125219,1428,173,16.508670520231213
2022,illinois_ex_cook,firm,firms,60,125219,664,42,31.61904761904762
2023,chicago,establishment,all,40,116605,458,101,9.069306930693068
2023,chicago,establishment,all,50,116605,635,143,8.881118881118882
2023,chicago,establishment,all,60,116605,301,38,15.842105263157896
2023,chicago,establishment,rows,40,38103,407,33,24.666666666666668
2023,chicago,establishment,rows,50,38103,562,99,11.353535353535353
2023,chicago,establishment,rows,60,38103,284,12,47.333333333333336
2023,chicago,firm,all,40,106642,358,90,7.955555555555556
2023,chicago,firm,all,50,106642,488,126,7.746031746031746
2023,chicago,firm,all,60,106642,229,43,10.651162790697674
2023,chicago,firm,rows,40,33375,335,30,22.333333333333332
2023,chicago,firm,rows,50,33375,459,92,9.978260869565217
2023,chicago,firm,rows,60,33375,218,16,27.25
2023,chicago,firm,firms,40,32449,321,24,26.75
2023,chicago,firm,firms,50,32449,435,87,10.0
2023,chicago,firm,firms,60,32449,211,11,38.36363636363637
2023,cook_ex_chicago,establishment,all,40,114089,589,106,11.11320754716981
2023,cook_ex_chicago,establishment,all,50,114089,807,117,13.794871794871796
2023,cook_ex_chicago,establishment,all,60,114089,307,35,17.542857142857144
2023,cook_ex_chicago,establishment,rows,40,42291,495,48,20.625
2023,cook_ex_chicago,establishment,rows,50,42291,730,81,18.02469135802469
2023,cook_ex_chicago,establishment,rows,60,42291,269,6,89.66666666666667
2023,cook_ex_chicago,firm,all,40,101455,442,72,12.277777777777779
2023,cook_ex_chicago,firm,all,50,101455,586,106,11.056603773584905
2023,cook_ex_chicago,firm,all,60,101455,235,38,12.368421052631579
2023,cook_ex_chicago,firm,rows,40,35469,392,28,28.0
2023,cook_ex_chicago,firm,rows,50,35469,550,74,14.864864864864865
2023,cook_ex_chicago,firm,rows,60,35469,215,12,35.833333333333336
2023,cook_ex_chicago,firm,firms,40,34517,381,23,33.130434782608695
2023,cook_ex_chicago,firm,firms,50,34517,532,71,14.985915492957746
2023,cook_ex_chicago,firm,firms,60,34517,208,9,46.22222222222222
2023,illinois_ex_cook,establishment,all,40,336082,1724,234,14.735042735042734
2023,illinois_ex_cook,establishment,all,50,336082,2072,313,13.23961661341853
2023,illinois_ex_cook,establishment,all,60,336082,981,115,17.06086956521739
2023,illinois_ex_cook,establishment,rows,40,152847,1500,117,25.641025641025642
2023,illinois_ex_cook,establishment,rows,50,152847,1940,210,18.476190476190474
2023,illinois_ex_cook,establishment,rows,60,152847,897,44,40.77272727272727
2023,illinois_ex_cook,firm,all,40,287201,1166,163,14.306748466257668
2023,illinois_ex_cook,firm,all,50,287201,1464,252,11.619047619047619
2023,illinois_ex_cook,firm,all,60,287201,680,119,11.428571428571429
2023,illinois_ex_cook,firm,rows,40,123387,1064,90,23.644444444444446
2023,illinois_ex_cook,firm,rows,50,123387,1423,186,15.301075268817204
2023,illinois_ex_cook,firm,rows,60,123387,645,55,23.454545454545453
2023,illinois_ex_cook,firm,firms,40,121051,1044,74,28.216216216216218
2023,illinois_ex_cook,firm,firms,50,121051,1395,173,16.127167630057805
2023,illinois_ex_cook,firm,firms,60,121051,621,42,29.571428571428573
2024,chicago,establishment,all,40,129241,453,129,7.023255813953488
2024,chicago,establishment,all,50,129241,613,163,7.521472392638037
2024,chicago,establishment,all,60,129241,312,51,12.235294117647058
2024,chicago,establishment,rows,40,37544,397,31,25.612903225806452
2024,chicago,establishment,rows,50,37544,563,95,11.852631578947369
2024,chicago,establishment,rows,60,37544,281,12,46.833333333333336
2024,chicago,firm,all,40,118781,373,111,6.7207207207207205
2024,chicago,firm,all,50,118781,483,142,6.802816901408451
2024,chicago,firm,all,60,118781,238,60,7.933333333333334
2024,chicago,firm,rows,40,32905,327,28,23.357142857142858
2024,chicago,firm,rows,50,32905,457,87,10.505747126436782
2024,chicago,firm,rows,60,32905,217,16,27.125
2024,chicago,firm,firms,40,31927,312,23,27.130434782608695
2024,chicago,firm,firms,50,31927,436,83,10.506024096385541
2024,chicago,firm,firms,60,31927,210,10,42.0
2024,cook_ex_chicago,establishment,all,40,121832,531,136,7.8088235294117645
2024,cook_ex_chicago,establishment,all,50,121832,763,143,10.671328671328672
2024,cook_ex_chicago,establishment,all,60,121832,297,50,11.88
2024,cook_ex_chicago,establishment,rows,40,41477,494,45,21.955555555555556
2024,cook_ex_chicago,establishment,rows,50,41477,731,82,17.829268292682926
2024,cook_ex_chicago,establishment,rows,60,41477,268,6,89.33333333333333
2024,cook_ex_chicago,firm,all,40,108605,417,99,8.424242424242424
2024,cook_ex_chicago,firm,all,50,108605,550,116,9.482758620689655
2024,cook_ex_chicago,firm,all,60,108605,239,46,10.391304347826088
2024,cook_ex_chicago,firm,rows,40,34692,393,29,27.103448275862068
2024,cook_ex_chicago,firm,rows,50,34692,549,74,14.837837837837839
2024,cook_ex_chicago,firm,rows,60,34692,218,8,54.5
2024,cook_ex_chicago,firm,firms,40,33694,381,22,34.63636363636363
2024,cook_ex_chicago,firm,firms,50,33694,526,69,15.246376811594203
2024,cook_ex_chicago,firm,firms,60,33694,208,7,59.42857142857143
2024,illinois_ex_cook,establishment,all,40,358588,1628,366,8.896174863387978
2024,illinois_ex_cook,establishment,all,50,358588,2022,338,11.964497041420119
2024,illinois_ex_cook,establishment,all,60,358588,943,143,13.188811188811188
2024,illinois_ex_cook,establishment,rows,40,150390,1500,114,26.31578947368421
2024,illinois_ex_cook,establishment,rows,50,150390,1935,209,18.516746411483254
2024,illinois_ex_cook,establishment,rows,60,150390,892,43,41.48837209302326
2024,illinois_ex_cook,firm,all,40,307239,1155,314,7.356687898089172
2024,illinois_ex_cook,firm,all,50,307239,1454,292,9.95890410958904
2024,illinois_ex_cook,firm,all,60,307239,673,133,10.1203007518797
2024,illinois_ex_cook,firm,rows,40,121095,1064,93,22.881720430107528
2024,illinois_ex_cook,firm,rows,50,121095,1399,179,15.631284916201118
2024,illinois_ex_cook,firm,rows,60,121095,648,54,24.0
2024,illinois_ex_cook,firm,firms,40,118646,1037,78,26.58974358974359
2024,illinois_ex_cook,firm,firms,50,118646,1369,166,16.49397590361446
2024,illinois_ex_cook,firm,firms,60,118646,622,41,30.341463414634145
2025,chicago,establishment,all,40,129273,417,124,6.725806451612903
2025,chicago,establishment,all,50,129273,591,157,7.528662420382165
2025,chicago,establishment,all,60,129273,300,55,10.909090909090908
2025,chicago,establishment,rows,40,36121,385,31,24.838709677419356
2025,chicago,establishment,rows,50,36121,551,94,11.72340425531915
2025,chicago,establishment,rows,60,36121,278,12,46.333333333333336
2025,chicago,firm,all,40,118825,340,113,6.017699115044247
2025,chicago,firm,all,50,118825,465,141,6.595744680851064
2025,chicago,firm,all,60,118825,227,56,8.107142857142858
2025,chicago,firm,rows,40,31625,320,29,22.06896551724138
2025,chicago,firm,rows,50,31625,449,87,10.32183908045977
2025,chicago,firm,rows,60,31625,212,15,28.266666666666666
2025,chicago,firm,firms,40,30654,304,23,26.434782608695652
2025,chicago,firm,firms,50,30654,426,83,10.265060240963855
2025,chicago,firm,firms,60,30654,205,10,41.0
2025,cook_ex_chicago,establishment,all,40,122222,523,110,9.50909090909091
2025,cook_ex_chicago,establishment,all,50,122222,744,138,10.782608695652174
2025,cook_ex_chicago,establishment,all,60,122222,301,58,10.379310344827585
2025,cook_ex_chicago,establishment,rows,40,40238,480,44,21.818181818181817
2025,cook_ex_chicago,establishment,rows,50,40238,717,78,18.384615384615383
2025,cook_ex_chicago,establishment,rows,60,40238,269,6,89.66666666666667
2025,cook_ex_chicago,firm,all,40,108984,402,88,9.136363636363637
2025,cook_ex_chicago,firm,all,50,108984,546,115,9.495652173913044
2025,cook_ex_chicago,firm,all,60,108984,239,59,8.101694915254237
2025,cook_ex_chicago,firm,rows,40,33639,378,26,29.076923076923077
2025,cook_ex_chicago,firm,rows,50,33639,550,70,15.714285714285714
2025,cook_ex_chicago,firm,rows,60,33639,219,8,54.75
2025,cook_ex_chicago,firm,firms,40,32648,366,21,34.857142857142854
2025,cook_ex_chicago,firm,firms,50,32648,524,64,16.375
2025,cook_ex_chicago,firm,firms,60,32648,208,7,59.42857142857143
2025,illinois_ex_cook,establishment,all,40,358783,1574,316,9.962025316455696
2025,illinois_ex_cook,establishment,all,50,358783,1974,365,10.816438356164383
2025,illinois_ex_cook,establishment,all,60,358783,930,154,12.077922077922079
2025,illinois_ex_cook,establishment,rows,40,146449,1477,114,25.912280701754387
2025,illinois_ex_cook,establishment,rows,50,146449,1893,211,17.94312796208531
2025,illinois_ex_cook,establishment,rows,60,146449,882,41,43.02439024390244
2025,illinois_ex_cook,firm,all,40,307014,1100,271,8.118081180811808
2025,illinois_ex_cook,firm,all,50,307014,1415,311,9.09967845659164
2025,illinois_ex_cook,firm,all,60,307014,671,139,9.654676258992806
2025,illinois_ex_cook,firm,rows,40,117658,1040,96,21.666666666666668
2025,illinois_ex_cook,firm,rows,50,117658,1369,179,15.296089385474861
2025,illinois_ex_cook,firm,rows,60,117658,644,54,23.85185185185185
2025,illinois_ex_cook,firm,firms,40,115194,1016,77,26.38961038961039
2025,illinois_ex_cook,firm,firms,50,115194,1342,166,16.16867469879518
2025,illinois_ex_cook,firm,firms,60,115194,619,40,30.95
